month,site,plot,treatment,sp,ID,focal,age,bp_example,leaves_tot,leaves_infec,Bp_spots_Ev,leaf_area.pix,lesion_area.pix,leaf_count
jul,D1,10,fungicide,Ev,1,1,seedling,0,3,1,0,320791,2924,1
jul,D1,10,fungicide,Ev,2,1,seedling,0,5,1,0,206506,5805,1
jul,D1,10,fungicide,Ev,3,1,seedling,0,6,2,1,303702,544,1
jul,D1,10,fungicide,Ev,A,1,adult,0,6,1,0,495917,7232,1
jul,D1,10,water,Ev,1,1,seedling,0,2,1,0,226455,1815,1
jul,D1,10,water,Ev,2,1,seedling,0,5,0,1,468503,550,2
jul,D1,10,water,Ev,A,1,adult,0,4,0,0,551128,270400,1
jul,D1,1,fungicide,Ev,1,1,seedling,0,3,0,0,69907,23359,1
jul,D1,1,fungicide,Ev,2,1,seedling,0,5,1,0,638912,92887,1
jul,D1,1,fungicide,Ev,3,1,seedling,0,7,0,0,610066,4660,1
jul,D1,1,fungicide,Ev,A,1,adult,0,9,2,0,255206,795,1
jul,D1,1,water,Ev,3,1,seedling,0,6,2,0,367990,654,1
jul,D1,1,water,Ev,A,1,adult,0,6,2,0,525363,321660,1
jul,D1,2,fungicide,Ev,1,1,seedling,0,6,4,1,527961,7171,1
jul,D1,2,fungicide,Ev,2,1,seedling,0,4,2,1,327597,17166,1
jul,D1,2,fungicide,Ev,3,1,seedling,0,4,0,0,633750,242321,1
jul,D1,2,fungicide,Ev,A,1,adult,0,6,4,1,424310,42780,1
jul,D1,2,water,Ev,1,1,seedling,0,3,1,1,447105,5223,1
jul,D1,2,water,Ev,2,1,seedling,0,5,3,1,214804,7753,1
jul,D1,2,water,Ev,3,1,seedling,0,3,0,0,282439,3917,1
jul,D1,2,water,Ev,A,1,adult,0,7,5,1,805097,187611,2
jul,D1,3,fungicide,Ev,1,1,seedling,0,1,1,0,202045,30524,2
jul,D1,3,fungicide,Ev,2,1,seedling,0,2,0,0,710978,116875,1
jul,D1,3,fungicide,Ev,3,1,seedling,0,7,0,0,338165,18327,1
jul,D1,3,fungicide,Ev,A,1,adult,0,5,0,NA,606692,137538,1
jul,D1,3,water,Ev,1,1,seedling,0,4,4,1,590762,14462,1
jul,D1,3,water,Ev,2,1,seedling,0,4,2,1,298497,1275,1
jul,D1,3,water,Ev,3,1,seedling,0,4,1,1,673732,100339,1
jul,D1,3,water,Ev,A,1,adult,0,5,4,1,582304,28810,1
jul,D1,4,fungicide,Ev,1,1,seedling,0,6,2,0,459819,3122,1
jul,D1,4,fungicide,Ev,2,1,seedling,0,6,3,1,397547,10604,1
jul,D1,4,fungicide,Ev,3,1,seedling,0,5,0,0,537397,38854,1
jul,D1,4,fungicide,Ev,A,1,adult,0,6,2,NA,898131,340842,1
jul,D1,4,water,Ev,1,1,seedling,0,2,1,0,523267,172903,1
jul,D1,4,water,Ev,2,1,seedling,0,1,1,0,265730,204125,1
jul,D1,4,water,Ev,A,1,adult,0,3,0,0,556052,471452,1
jul,D1,5,fungicide,Ev,2,1,seedling,0,6,4,1,404916,147426,1
jul,D1,5,fungicide,Ev,3,1,seedling,0,5,5,1,492508,66480,1
jul,D1,5,fungicide,Ev,A,1,adult,0,6,2,NA,459658,292432,2
jul,D1,5,water,Ev,2,1,seedling,0,2,0,0,140133,121068,1
jul,D1,5,water,Ev,3,1,seedling,0,2,0,0,265705,8242,1
jul,D1,5,water,Ev,A,1,adult,0,6,1,0,1207173,150550,2
jul,D1,6,fungicide,Ev,3,1,seedling,0,2,0,0,257062,128028,1
jul,D1,6,fungicide,Ev,A,1,adult,0,6,3,0,913477,85914,1
jul,D1,6,water,Ev,1,1,seedling,0,5,3,0,609384,169137,1
jul,D1,6,water,Ev,2,1,seedling,0,5,3,0,438594,211187,1
jul,D1,6,water,Ev,3,1,seedling,0,5,3,1,360450,18250,1
jul,D1,6,water,Ev,A,1,adult,0,8,2,0,1363456,105871,2
jul,D1,7,fungicide,Ev,1,1,seedling,0,8,2,0,343614,30735,1
jul,D1,7,fungicide,Ev,2,1,seedling,0,4,3,0,393144,170568,1
jul,D1,7,fungicide,Ev,3,1,seedling,0,8,4,0,459400,27347,1
jul,D1,7,fungicide,Ev,A,1,adult,0,5,1,0,457634,8910,1
jul,D1,7,water,Ev,1,1,seedling,0,4,2,0,355695,9214,1
jul,D1,7,water,Ev,3,1,seedling,0,4,2,1,275506,62165,1
jul,D1,7,water,Ev,A,1,adult,0,5,2,0,1276467,241957,2
jul,D1,8,fungicide,Ev,1,1,seedling,0,1,1,0,365529,138604,1
jul,D1,8,fungicide,Ev,2,1,seedling,0,3,2,1,229705,5049,1
jul,D1,8,fungicide,Ev,3,1,seedling,0,2,1,0,368052,224924,1
jul,D1,8,fungicide,Ev,A,1,adult,0,7,3,1,478359,17937,1
jul,D1,8,water,Ev,1,1,seedling,0,7,4,0,355704,8090,1
jul,D1,8,water,Ev,3,1,seedling,0,7,1,0,558671,63187,2
jul,D1,8,water,Ev,A,1,adult,0,8,3,0,904595,603729,2
jul,D1,9,fungicide,Ev,1,1,seedling,0,2,1,1,488737,10073,1
jul,D1,9,fungicide,Ev,A,1,adult,0,5,1,1,561160,17986,2
jul,D1,9,water,Ev,1,1,seedling,0,3,1,0,425425,31456,2
jul,D1,9,water,Ev,2,1,seedling,0,2,2,0,477246,11328,1
jul,D1,9,water,Ev,3,1,seedling,0,6,3,0,463248,132062,1
jul,D1,9,water,Ev,A,1,adult,0,5,2,0,853684,38446,1
jul,D2,10,fungicide,Ev,1,1,seedling,0,5,3,0,348813,96449,1
jul,D2,10,fungicide,Ev,3,1,seedling,0,3,1,0,130722,40821,1
jul,D2,10,fungicide,Ev,A,1,adult,0,3,2,0,462798,388752,1
jul,D2,10,water,Ev,1,1,seedling,0,7,3,0,833918,704332,2
jul,D2,10,water,Ev,2,1,seedling,0,5,5,0,275420,178420,1
jul,D2,10,water,Ev,3,1,seedling,0,3,1,0,225357,80255,1
jul,D2,10,water,Ev,A,1,adult,0,5,4,0,653067,129664,1
jul,D2,1,fungicide,Ev,1,1,seedling,0,3,0,0,86535,23932,1
jul,D2,1,fungicide,Ev,2,1,seedling,0,4,1,0,584283,83703,1
jul,D2,1,fungicide,Ev,3,1,seedling,0,2,1,0,277321,55119,1
jul,D2,1,fungicide,Ev,A,1,adult,0,5,3,0,1160035,295418,1
jul,D2,1,water,Ev,1,1,seedling,0,3,1,0,159933,19033,1
jul,D2,1,water,Ev,2,1,seedling,0,4,2,0,554715,103135,1
jul,D2,1,water,Ev,A,1,adult,0,5,3,0,636755,200651,1
jul,D2,2,fungicide,Ev,1,1,seedling,0,4,2,0,494798,26859,1
jul,D2,2,fungicide,Ev,2,1,seedling,0,6,2,0,517459,91853,1
jul,D2,2,fungicide,Ev,3,1,seedling,0,5,1,1,413027,20057,1
jul,D2,2,fungicide,Ev,A,1,adult,0,6,2,0,524131,85182,1
jul,D2,2,water,Ev,1,1,seedling,0,5,2,0,760265,28431,1
jul,D2,2,water,Ev,3,1,seedling,0,5,1,0,687752,30770,1
jul,D2,2,water,Ev,A,1,adult,0,2,1,1,342216,185482,1
jul,D2,3,fungicide,Ev,1,1,seedling,0,2,2,0,501797,284796,1
jul,D2,3,fungicide,Ev,2,1,seedling,0,5,4,0,423705,124360,1
jul,D2,3,fungicide,Ev,3,1,seedling,0,5,2,0,267067,8157,1
jul,D2,3,fungicide,Ev,A,1,adult,0,5,2,0,593825,62556,1
jul,D2,3,water,Ev,1,1,seedling,0,7,1,0,557689,99884,1
jul,D2,3,water,Ev,2,1,seedling,0,5,2,0,274312,186484,1
jul,D2,3,water,Ev,3,1,seedling,0,5,1,0,556066,81073,1
jul,D2,3,water,Ev,A,1,adult,0,4,2,0,802402,116789,1
jul,D2,4,fungicide,Ev,1,1,seedling,0,2,1,0,604214,244846,1
jul,D2,4,fungicide,Ev,2,1,seedling,0,7,3,0,472565,56263,1
jul,D2,4,fungicide,Ev,3,1,seedling,0,9,2,0,614662,227195,1
jul,D2,4,fungicide,Ev,A,1,adult,0,5,2,0,587838,427581,1
jul,D2,4,water,Ev,1,1,seedling,0,2,0,0,473066,74431,1
jul,D2,4,water,Ev,3,1,seedling,0,6,2,0,393011,249426,1
jul,D2,4,water,Ev,A,1,adult,0,5,4,0,1032038,516533,1
jul,D2,5,fungicide,Ev,1,1,seedling,0,4,1,0,945310,220025,1
jul,D2,5,fungicide,Ev,2,1,seedling,0,1,1,0,577910,381942,1
jul,D2,5,fungicide,Ev,3,1,seedling,0,7,3,0,278080,19335,1
jul,D2,5,fungicide,Ev,A,1,adult,0,4,4,0,608267,12031,1
jul,D2,5,water,Ev,2,1,seedling,0,3,0,0,127841,73634,1
jul,D2,5,water,Ev,A,1,adult,0,3,3,1,744750,166358,1
jul,D2,6,fungicide,Ev,1,1,seedling,0,6,6,0,395644,49649,1
jul,D2,6,fungicide,Ev,2,1,seedling,0,5,1,0,342113,20971,1
jul,D2,6,fungicide,Ev,3,1,seedling,0,4,2,0,696435,55341,1
jul,D2,6,fungicide,Ev,A,1,adult,0,4,2,0,469699,130537,1
jul,D2,6,water,Ev,2,1,seedling,0,5,3,1,234811,1619,1
jul,D2,6,water,Ev,3,1,seedling,0,4,1,0,316919,70005,1
jul,D2,6,water,Ev,A,1,adult,0,3,1,0,448046,211464,1
jul,D2,7,fungicide,Ev,1,1,seedling,0,5,3,0,466330,77089,1
jul,D2,7,fungicide,Ev,2,1,seedling,0,4,4,0,410016,58220,1
jul,D2,7,fungicide,Ev,3,1,seedling,0,5,5,0,536156,159577,1
jul,D2,7,fungicide,Ev,A,1,adult,0,4,3,0,354482,81235,1
jul,D2,7,water,Ev,1,1,seedling,0,6,4,1,321671,64202,1
jul,D2,7,water,Ev,2,1,seedling,0,6,2,0,472981,32832,1
jul,D2,7,water,Ev,3,1,seedling,0,6,2,1,492777,5052,1
jul,D2,7,water,Ev,A,1,adult,0,8,5,0,641739,5650,1
jul,D2,8,fungicide,Ev,1,1,seedling,0,4,3,0,292634,87340,1
jul,D2,8,fungicide,Ev,2,1,seedling,0,3,3,1,711042,32472,1
jul,D2,8,fungicide,Ev,3,1,seedling,0,6,2,0,829153,18931,1
jul,D2,8,fungicide,Ev,A,1,adult,0,4,2,0,1117114,391296,2
jul,D2,8,water,Ev,1,1,seedling,0,4,4,1,300218,84290,1
jul,D2,8,water,Ev,2,1,seedling,0,4,3,1,404939,33176,1
jul,D2,8,water,Ev,3,1,seedling,0,4,2,0,145808,55742,1
jul,D2,8,water,Ev,A,1,adult,0,7,2,1,281073,10813,1
jul,D2,9,fungicide,Ev,1,1,seedling,0,6,5,0,594199,41554,1
jul,D2,9,fungicide,Ev,2,1,seedling,0,2,1,0,302531,138565,1
jul,D2,9,fungicide,Ev,3,1,seedling,0,3,3,0,504264,57048,1
jul,D2,9,fungicide,Ev,A,1,adult,0,4,2,0,672221,214451,1
jul,D2,9,water,Ev,1,1,seedling,0,5,4,0,234245,13231,1
jul,D2,9,water,Ev,2,1,seedling,0,4,3,0,425469,40706,1
jul,D2,9,water,Ev,3,1,seedling,0,3,3,0,227495,120967,1
jul,D2,9,water,Ev,A,1,adult,0,3,3,0,522783,256240,1
jul,D3,10,fungicide,Ev,A,1,adult,0,2,1,0,920853,28817,1
jul,D3,10,water,Ev,2,1,seedling,0,2,2,0,215575,192683,1
jul,D3,10,water,Ev,A,1,adult,0,5,2,0,594972,13896,1
jul,D3,1,fungicide,Ev,A,1,adult,0,6,6,0,794806,41074,1
jul,D3,1,water,Ev,1,1,seedling,0,3,1,0,117531,19249,1
jul,D3,1,water,Ev,A,1,adult,0,5,1,0,527298,74424,1
jul,D3,2,fungicide,Ev,A,1,adult,0,5,3,0,575975,337889,1
jul,D3,2,water,Ev,3,1,seedling,0,4,1,0,145046,3823,1
jul,D3,2,water,Ev,A,1,adult,0,6,5,0,733125,155321,1
jul,D3,3,fungicide,Ev,A,1,adult,0,3,1,0,373527,217605,1
jul,D3,3,water,Ev,3,1,seedling,0,3,1,0,271544,18854,1
jul,D3,3,water,Ev,A,1,adult,0,4,4,0,907981,254316,1
jul,D3,4,fungicide,Ev,2,1,seedling,0,3,3,0,381459,75613,1
jul,D3,4,fungicide,Ev,A,1,adult,0,7,4,0,747102,117418,1
jul,D3,4,water,Ev,2,1,seedling,0,1,1,0,266553,82340,1
jul,D3,4,water,Ev,A,1,adult,0,1,1,0,277646,79411,1
jul,D3,5,fungicide,Ev,A,1,adult,0,5,3,0,472184,197523,1
jul,D3,5,water,Ev,1,1,seedling,0,2,2,0,528568,361341,1
jul,D3,5,water,Ev,A,1,adult,0,6,2,NA,558989,252527,1
jul,D3,6,fungicide,Ev,A,1,adult,0,4,2,0,641701,56349,1
jul,D3,6,water,Ev,A,1,adult,0,5,3,1,830381,235012,1
jul,D3,7,fungicide,Ev,2,1,seedling,0,4,4,0,442300,112775,1
jul,D3,7,fungicide,Ev,3,1,seedling,0,3,3,0,192262,94699,1
jul,D3,7,fungicide,Ev,A,1,adult,0,6,5,0,1207119,229993,1
jul,D3,7,water,Ev,A,1,adult,0,4,4,0,564279,218331,1
jul,D3,8,fungicide,Ev,1,1,seedling,0,3,1,0,325410,109637,1
jul,D3,8,fungicide,Ev,A,1,adult,0,4,4,0,502295,297034,1
jul,D3,9,fungicide,Ev,A,1,adult,0,6,2,0,369083,47041,1
jul,D3,9,fungicide,Ev,A,1,adult,1,6,2,0,228514,7509,1
jul,D3,9,water,Ev,A,1,adult,0,6,4,0,403714,210500,1
jul,D4,10,water,Ev,1,1,seedling,0,3,3,0,423120,129405,1
jul,D4,10,water,Ev,2,1,seedling,0,4,4,0,447582,149162,1
jul,D4,10,water,Ev,3,1,seedling,0,1,1,0,284914,178011,1
jul,D4,10,water,Ev,A,1,adult,0,4,4,0,571575,135460,1
jul,D4,1,water,Ev,1,1,seedling,0,2,1,0,158654,15656,1
jul,D4,1,water,Ev,2,1,seedling,0,6,2,0,232372,52615,1
jul,D4,1,water,Ev,3,1,seedling,0,3,1,0,132483,11153,1
jul,D4,1,water,Ev,A,1,adult,0,6,1,0,277950,10030,1
jul,D4,2,fungicide,Ev,1,1,seedling,0,6,4,0,284432,78844,1
jul,D4,2,fungicide,Ev,2,1,seedling,0,5,4,0,264705,11348,1
jul,D4,2,fungicide,Ev,A,1,adult,0,6,1,0,308460,25795,1
jul,D4,2,water,Ev,1,1,seedling,0,3,1,0,203010,90009,1
jul,D4,2,water,Ev,2,1,seedling,0,4,2,0,313796,129975,1
jul,D4,2,water,Ev,3,1,seedling,0,4,0,0,260240,31553,1
jul,D4,2,water,Ev,A,1,adult,0,6,2,0,491474,290773,1
jul,D4,3,fungicide,Ev,1,1,seedling,0,4,1,0,42906,11955,1
jul,D4,3,fungicide,Ev,A,1,adult,0,6,1,0,324291,169269,1
jul,D4,3,water,Ev,1,1,seedling,0,6,2,0,325169,36009,1
jul,D4,3,water,Ev,2,1,seedling,0,3,1,0,219122,74359,1
jul,D4,3,water,Ev,A,1,adult,0,4,4,NA,576932,130905,1
jul,D4,4,fungicide,Ev,1,1,seedling,0,1,1,0,100852,13414,1
jul,D4,4,fungicide,Ev,2,1,seedling,0,2,1,0,457559,93309,1
jul,D4,4,fungicide,Ev,A,1,adult,0,6,3,0,217701,59503,1
jul,D4,4,water,Ev,A,1,adult,0,4,1,0,427039,173232,1
jul,D4,5,fungicide,Ev,2,1,seedling,0,3,1,0,62160,10643,1
jul,D4,5,fungicide,Ev,3,1,seedling,0,2,1,0,458353,34444,1
jul,D4,5,fungicide,Ev,A,1,adult,0,5,3,0,226546,27661,1
jul,D4,5,water,Ev,1,1,seedling,0,1,1,0,39308,1850,1
jul,D4,5,water,Ev,3,1,seedling,0,5,3,0,123043,81857,1
jul,D4,5,water,Ev,A,1,adult,0,7,3,0,1145590,499898,2
jul,D4,6,fungicide,Ev,3,1,seedling,0,4,3,0,490570,368612,1
jul,D4,6,fungicide,Ev,A,1,adult,0,7,3,0,679404,74044,1
jul,D4,6,water,Ev,1,1,seedling,0,5,2,0,381495,99836,1
jul,D4,6,water,Ev,2,1,seedling,0,8,1,0,559051,151942,1
jul,D4,6,water,Ev,3,1,seedling,0,8,4,0,399162,159046,1
jul,D4,6,water,Ev,A,1,adult,0,5,1,0,365352,232848,1
jul,D4,7,fungicide,Ev,A,1,adult,0,3,1,0,357951,7042,1
jul,D4,7,water,Ev,1,1,seedling,0,6,1,1,395466,68142,1
jul,D4,7,water,Ev,3,1,seedling,0,5,2,0,296165,50261,1
jul,D4,7,water,Ev,A,1,adult,0,3,2,0,784090,244853,1
jul,D4,8,water,Ev,1,1,seedling,0,3,2,0,173756,46628,1
jul,D4,8,water,Ev,A,1,adult,0,7,4,0,1154045,203829,2
jul,D4,9,fungicide,Ev,A,1,adult,0,8,4,0,1015312,27103,2
jul,D4,9,water,Ev,1,1,seedling,0,3,1,0,519761,95539,1
jul,D4,9,water,Ev,2,1,seedling,0,6,2,0,319604,22899,1
jul,D4,9,water,Ev,A,1,adult,0,6,2,0,764530,164776,1
jul,D1,10,fungicide,Mv,1,1,seedling,0,2,0,NA,211704,278,1
jul,D1,10,fungicide,Mv,2,1,seedling,0,6,2,NA,422460,11677,1
jul,D1,10,fungicide,Mv,3,1,seedling,0,7,1,NA,72788,440,1
jul,D1,10,water,Mv,1,1,seedling,0,5,5,NA,516483,4798,1
jul,D1,10,water,Mv,2,1,seedling,0,5,3,NA,180914,21619,1
jul,D1,10,water,Mv,3,1,seedling,0,10,6,NA,373152,10909,1
jul,D1,1,fungicide,Mv,2,1,seedling,0,5,0,NA,245179,0,1
jul,D1,1,fungicide,Mv,3,1,seedling,0,5,0,NA,513394,530,1
jul,D1,1,water,Mv,1,1,seedling,0,7,2,NA,392290,4559,1
jul,D1,1,water,Mv,2,1,seedling,0,7,0,NA,546282,1476,1
jul,D1,1,water,Mv,3,1,seedling,0,8,1,NA,449060,8444,1
jul,D1,2,fungicide,Mv,1,1,seedling,0,5,4,NA,245050,3442,1
jul,D1,2,fungicide,Mv,2,1,seedling,0,4,3,NA,464915,10540,1
jul,D1,2,fungicide,Mv,3,1,seedling,0,7,5,NA,395987,10350,1
jul,D1,2,water,Mv,1,1,seedling,0,7,5,NA,288549,23903,1
jul,D1,2,water,Mv,2,1,seedling,0,5,4,NA,646854,24721,1
jul,D1,2,water,Mv,3,1,seedling,0,6,4,NA,651014,13023,1
jul,D1,3,fungicide,Mv,1,1,seedling,0,5,0,NA,511412,1223,1
jul,D1,3,fungicide,Mv,2,1,seedling,0,5,0,NA,138840,364,1
jul,D1,3,fungicide,Mv,3,1,seedling,0,6,0,NA,287238,4020,1
jul,D1,3,water,Mv,1,1,seedling,0,8,7,NA,556141,66214,1
jul,D1,3,water,Mv,2,1,seedling,0,5,5,NA,480279,39461,1
jul,D1,3,water,Mv,3,1,seedling,0,5,4,NA,363367,39921,1
jul,D1,4,fungicide,Mv,1,1,seedling,0,9,1,NA,365950,1379,1
jul,D1,4,fungicide,Mv,2,1,seedling,0,8,4,NA,420377,7401,1
jul,D1,4,fungicide,Mv,3,1,seedling,0,3,2,NA,230427,11896,1
jul,D1,4,water,Mv,1,1,seedling,0,5,0,NA,686461,5726,1
jul,D1,4,water,Mv,3,1,seedling,0,5,0,NA,284968,2453,1
jul,D1,5,fungicide,Mv,1,1,seedling,0,4,1,NA,128042,2524,1
jul,D1,5,fungicide,Mv,2,1,seedling,0,6,4,NA,180263,1681,1
jul,D1,5,fungicide,Mv,3,1,seedling,0,5,0,NA,242467,2223,1
jul,D1,5,water,Mv,2,1,seedling,0,3,0,NA,134781,1468,1
jul,D1,5,water,Mv,3,1,seedling,0,6,0,NA,130152,3950,1
jul,D1,6,fungicide,Mv,1,1,seedling,0,10,0,NA,107985,6283,1
jul,D1,6,fungicide,Mv,3,1,seedling,0,4,0,NA,139826,989,2
jul,D1,6,water,Mv,1,1,seedling,0,5,2,NA,600695,7658,1
jul,D1,6,water,Mv,2,1,seedling,0,4,2,NA,482509,2829,1
jul,D1,6,water,Mv,3,1,seedling,0,8,3,NA,645760,2357,1
jul,D1,7,fungicide,Mv,1,1,seedling,0,5,2,NA,518296,5936,1
jul,D1,7,fungicide,Mv,2,1,seedling,0,5,2,NA,195270,2852,1
jul,D1,7,fungicide,Mv,3,1,seedling,0,5,0,NA,159178,682,1
jul,D1,7,water,Mv,1,1,seedling,0,5,5,NA,236651,9561,1
jul,D1,7,water,Mv,2,1,seedling,0,3,2,NA,247620,6957,1
jul,D1,7,water,Mv,3,1,seedling,0,5,3,NA,269641,14717,1
jul,D1,8,fungicide,Mv,1,1,seedling,0,6,4,NA,523757,9775,1
jul,D1,8,fungicide,Mv,2,1,seedling,0,7,5,NA,412143,5924,1
jul,D1,8,fungicide,Mv,3,1,seedling,0,7,4,NA,186679,10363,1
jul,D1,8,water,Mv,1,1,seedling,0,5,2,NA,259263,7325,1
jul,D1,8,water,Mv,2,1,seedling,0,4,1,NA,364130,13144,1
jul,D1,8,water,Mv,3,1,seedling,0,7,3,NA,197605,2639,1
jul,D1,9,fungicide,Mv,1,1,seedling,0,7,1,NA,98835,969,1
jul,D1,9,fungicide,Mv,2,1,seedling,0,7,2,NA,352370,2771,1
jul,D1,9,fungicide,Mv,3,1,seedling,0,8,5,NA,77176,9762,1
jul,D1,9,water,Mv,1,1,seedling,0,5,3,NA,374771,4961,1
jul,D1,9,water,Mv,2,1,seedling,0,5,1,NA,381955,7018,1
jul,D1,9,water,Mv,3,1,seedling,0,7,1,NA,361468,6619,1
jul,D2,10,fungicide,Mv,1,1,seedling,0,3,0,NA,289712,2390,1
jul,D2,10,fungicide,Mv,3,1,seedling,0,4,0,NA,247450,581,1
jul,D2,10,water,Mv,1,1,seedling,0,7,2,NA,118179,4006,1
jul,D2,10,water,Mv,2,1,seedling,0,10,2,NA,495485,7603,1
jul,D2,10,water,Mv,3,1,seedling,0,10,2,NA,334428,2032,1
jul,D2,1,fungicide,Mv,1,1,seedling,0,8,2,NA,509856,5975,1
jul,D2,1,fungicide,Mv,2,1,seedling,0,3,0,NA,285490,5316,1
jul,D2,1,fungicide,Mv,3,1,seedling,0,6,2,NA,299511,9137,1
jul,D2,1,water,Mv,1,1,seedling,0,7,0,NA,673261,352,1
jul,D2,1,water,Mv,2,1,seedling,0,5,0,NA,677811,5660,1
jul,D2,1,water,Mv,3,1,seedling,0,12,0,NA,431489,1126,1
jul,D2,2,fungicide,Mv,1,1,seedling,0,5,0,NA,61542,938,1
jul,D2,2,fungicide,Mv,2,1,seedling,0,10,0,NA,193950,4494,1
jul,D2,2,fungicide,Mv,3,1,seedling,0,11,0,NA,213776,4928,1
jul,D2,2,water,Mv,1,1,seedling,0,6,5,NA,506021,4417,1
jul,D2,2,water,Mv,2,1,seedling,0,7,6,NA,422019,3670,1
jul,D2,2,water,Mv,3,1,seedling,0,10,7,NA,490841,6506,1
jul,D2,3,fungicide,Mv,1,1,seedling,0,3,0,NA,382588,791,1
jul,D2,3,fungicide,Mv,2,1,seedling,0,7,2,NA,390282,4467,1
jul,D2,3,fungicide,Mv,3,1,seedling,0,7,3,NA,318585,7211,1
jul,D2,3,water,Mv,1,1,seedling,0,10,0,NA,93996,6146,1
jul,D2,3,water,Mv,2,1,seedling,0,5,0,NA,421927,3980,1
jul,D2,3,water,Mv,3,1,seedling,0,7,0,NA,455513,1103,1
jul,D2,4,fungicide,Mv,1,1,seedling,0,8,0,NA,116382,184,1
jul,D2,4,fungicide,Mv,2,1,seedling,0,3,0,NA,148756,1120,1
jul,D2,4,fungicide,Mv,3,1,seedling,0,9,0,NA,540103,1901,1
jul,D2,4,water,Mv,1,1,seedling,0,7,1,NA,544846,2099,1
jul,D2,4,water,Mv,2,1,seedling,0,12,1,NA,530271,7961,1
jul,D2,4,water,Mv,3,1,seedling,0,2,0,NA,289046,1375,1
jul,D2,5,fungicide,Mv,1,1,seedling,0,5,2,NA,586700,3772,1
jul,D2,5,fungicide,Mv,2,1,seedling,0,6,0,NA,487125,13605,1
jul,D2,5,fungicide,Mv,3,1,seedling,0,5,2,NA,611011,1328,1
jul,D2,5,water,Mv,1,1,seedling,0,10,3,NA,312527,1068,1
jul,D2,5,water,Mv,2,1,seedling,0,8,2,NA,358861,9012,1
jul,D2,5,water,Mv,3,1,seedling,0,3,0,NA,410709,3275,1
jul,D2,6,fungicide,Mv,1,1,seedling,0,3,0,NA,240707,6056,1
jul,D2,6,fungicide,Mv,2,1,seedling,0,8,2,NA,242491,2408,1
jul,D2,6,fungicide,Mv,3,1,seedling,0,10,0,NA,409879,5078,1
jul,D2,6,water,Mv,1,1,seedling,0,8,0,NA,367400,7106,1
jul,D2,6,water,Mv,2,1,seedling,0,8,1,NA,515075,1432,1
jul,D2,6,water,Mv,3,1,seedling,0,8,1,NA,208492,7535,1
jul,D2,7,fungicide,Mv,1,1,seedling,0,6,0,NA,558976,4132,1
jul,D2,7,fungicide,Mv,2,1,seedling,0,6,0,NA,342188,1095,1
jul,D2,7,fungicide,Mv,3,1,seedling,0,11,0,NA,296050,988,1
jul,D2,7,water,Mv,1,1,seedling,0,9,7,NA,467378,13516,1
jul,D2,7,water,Mv,2,1,seedling,0,7,5,NA,674724,6464,1
jul,D2,7,water,Mv,3,1,seedling,0,3,1,NA,234282,13425,1
jul,D2,8,fungicide,Mv,1,1,seedling,0,9,7,NA,476430,11541,1
jul,D2,8,fungicide,Mv,2,1,seedling,0,8,6,NA,240143,7647,1
jul,D2,8,fungicide,Mv,3,1,seedling,0,7,2,NA,321117,2633,1
jul,D2,8,water,Mv,1,1,seedling,0,9,7,NA,463733,10820,1
jul,D2,8,water,Mv,2,1,seedling,0,2,1,NA,422357,10285,1
jul,D2,8,water,Mv,3,1,seedling,0,10,5,NA,507134,9629,1
jul,D2,9,fungicide,Mv,1,1,seedling,0,5,0,NA,337049,1885,1
jul,D2,9,fungicide,Mv,2,1,seedling,0,4,0,NA,64196,414,1
jul,D2,9,fungicide,Mv,3,1,seedling,0,6,0,NA,81918,1372,1
jul,D2,9,water,Mv,1,1,seedling,0,7,0,NA,278605,6383,1
jul,D2,9,water,Mv,2,1,seedling,0,6,1,NA,402834,10320,1
jul,D2,9,water,Mv,3,1,seedling,0,7,1,NA,346901,8071,1
jul,D3,10,fungicide,Mv,1,1,seedling,0,5,1,NA,233982,95,1
jul,D3,10,fungicide,Mv,2,1,seedling,0,6,2,NA,324573,1220,1
jul,D3,10,fungicide,Mv,3,1,seedling,0,5,1,NA,196055,661,1
jul,D3,10,water,Mv,1,1,seedling,0,6,2,NA,109603,385,1
jul,D3,10,water,Mv,2,1,seedling,0,3,0,NA,228195,201,1
jul,D3,10,water,Mv,3,1,seedling,0,3,1,NA,114228,27225,1
jul,D3,1,fungicide,Mv,1,1,seedling,0,6,2,NA,100535,550,1
jul,D3,1,fungicide,Mv,2,1,seedling,0,6,1,NA,135969,181,1
jul,D3,1,fungicide,Mv,3,1,seedling,0,4,1,NA,175454,1871,1
jul,D3,1,water,Mv,1,1,seedling,0,3,1,NA,246393,1583,1
jul,D3,1,water,Mv,2,1,seedling,0,6,2,NA,477278,1340,1
jul,D3,1,water,Mv,3,1,seedling,0,7,1,NA,167103,664,1
jul,D3,2,fungicide,Mv,1,1,seedling,0,6,1,NA,154890,1623,1
jul,D3,2,fungicide,Mv,2,1,seedling,0,7,1,NA,204467,1799,1
jul,D3,2,fungicide,Mv,3,1,seedling,0,5,0,NA,297157,333,1
jul,D3,2,water,Mv,1,1,seedling,0,6,5,NA,232400,6470,1
jul,D3,2,water,Mv,2,1,seedling,0,6,2,NA,357313,3821,1
jul,D3,2,water,Mv,3,1,seedling,0,7,2,NA,414203,12454,1
jul,D3,3,fungicide,Mv,1,1,seedling,0,4,1,NA,341222,14273,1
jul,D3,3,fungicide,Mv,2,1,seedling,0,4,0,NA,89523,528,1
jul,D3,3,fungicide,Mv,3,1,seedling,0,6,1,NA,142069,667,1
jul,D3,3,water,Mv,1,1,seedling,0,6,3,NA,313549,2456,1
jul,D3,3,water,Mv,2,1,seedling,0,4,2,NA,251795,15033,1
jul,D3,3,water,Mv,3,1,seedling,0,5,3,NA,399845,4679,1
jul,D3,4,fungicide,Mv,2,1,seedling,0,5,2,NA,22589,1174,1
jul,D3,4,fungicide,Mv,3,1,seedling,0,2,0,NA,149006,1574,1
jul,D3,4,water,Mv,1,1,seedling,0,8,2,NA,334581,15554,1
jul,D3,4,water,Mv,2,1,seedling,0,8,2,NA,338881,585,1
jul,D3,4,water,Mv,3,1,seedling,0,6,2,NA,186387,1044,1
jul,D3,5,fungicide,Mv,1,1,seedling,0,3,0,NA,147927,39,1
jul,D3,5,fungicide,Mv,2,1,seedling,0,4,0,NA,111041,1721,1
jul,D3,5,fungicide,Mv,3,1,seedling,0,4,1,NA,99785,33546,1
jul,D3,5,water,Mv,1,1,seedling,0,7,5,NA,220365,3000,1
jul,D3,5,water,Mv,2,1,seedling,0,6,4,NA,273017,1819,1
jul,D3,5,water,Mv,3,1,seedling,0,4,1,NA,128109,795,1
jul,D3,6,fungicide,Mv,1,1,seedling,0,5,0,NA,308138,1117,1
jul,D3,6,fungicide,Mv,3,1,seedling,0,2,1,NA,34123,4060,1
jul,D3,6,water,Mv,3,1,seedling,0,4,1,NA,198215,1002,1
jul,D3,7,fungicide,Mv,1,1,seedling,0,3,0,NA,21540,960,1
jul,D3,7,fungicide,Mv,2,1,seedling,0,6,2,NA,403494,8706,1
jul,D3,7,fungicide,Mv,3,1,seedling,0,8,2,NA,248777,4962,1
jul,D3,7,water,Mv,1,1,seedling,0,8,1,NA,250313,0,1
jul,D3,7,water,Mv,2,1,seedling,0,8,4,NA,263998,950,1
jul,D3,7,water,Mv,3,1,seedling,0,5,2,NA,505812,1852,1
jul,D3,8,fungicide,Mv,1,1,seedling,0,6,3,NA,158896,2519,1
jul,D3,8,fungicide,Mv,2,1,seedling,0,5,1,NA,50679,511,1
jul,D3,8,fungicide,Mv,3,1,seedling,0,7,1,NA,176052,3830,1
jul,D3,8,water,Mv,1,1,seedling,0,6,1,NA,521236,8181,1
jul,D3,8,water,Mv,2,1,seedling,0,7,0,NA,450914,3106,1
jul,D3,8,water,Mv,3,1,seedling,0,6,1,NA,373040,1122,1
jul,D3,9,fungicide,Mv,1,1,seedling,0,7,0,NA,158262,453,1
jul,D3,9,fungicide,Mv,2,1,seedling,0,4,1,NA,350349,2304,1
jul,D3,9,fungicide,Mv,3,1,seedling,0,4,1,NA,87343,2920,1
jul,D3,9,water,Mv,3,1,seedling,0,6,1,NA,252014,704,1
jul,D4,10,water,Mv,1,1,seedling,0,5,1,NA,89350,2403,1
jul,D4,10,water,Mv,2,1,seedling,0,2,1,NA,347577,166,1
jul,D4,10,water,Mv,3,1,seedling,0,6,1,NA,294353,43,1
jul,D4,1,fungicide,Mv,1,1,seedling,0,4,0,NA,150960,4295,1
jul,D4,1,fungicide,Mv,2,1,seedling,0,5,0,NA,165417,1994,1
jul,D4,1,fungicide,Mv,3,1,seedling,0,4,0,NA,151247,3347,1
jul,D4,1,water,Mv,1,1,seedling,0,4,1,NA,300719,2293,1
jul,D4,1,water,Mv,2,1,seedling,0,3,0,NA,81223,3281,1
jul,D4,2,fungicide,Mv,3,1,seedling,0,4,0,NA,78487,1525,1
jul,D4,2,water,Mv,1,1,seedling,0,4,1,NA,142135,11698,1
jul,D4,2,water,Mv,3,1,seedling,0,6,1,NA,194169,602,1
jul,D4,3,fungicide,Mv,1,1,seedling,0,5,1,NA,411066,7931,1
jul,D4,3,fungicide,Mv,2,1,seedling,0,3,1,NA,212092,7910,1
jul,D4,3,fungicide,Mv,3,1,seedling,0,6,1,NA,367205,7138,1
jul,D4,3,water,Mv,1,1,seedling,0,5,1,NA,271678,3015,1
jul,D4,3,water,Mv,2,1,seedling,0,8,2,NA,547870,1692,1
jul,D4,3,water,Mv,3,1,seedling,0,5,1,NA,502675,3728,1
jul,D4,4,fungicide,Mv,3,1,seedling,0,4,0,NA,751166,821,1
jul,D4,4,water,Mv,1,1,seedling,0,6,2,NA,320279,1569,1
jul,D4,4,water,Mv,2,1,seedling,0,9,1,NA,122413,1048,1
jul,D4,5,fungicide,Mv,1,1,seedling,0,4,0,NA,228035,422,1
jul,D4,5,fungicide,Mv,2,1,seedling,0,5,0,NA,109748,156,1
jul,D4,5,water,Mv,2,1,seedling,0,8,0,NA,326774,1508,1
jul,D4,6,water,Mv,2,1,seedling,0,5,1,NA,616288,2748,1
jul,D4,6,water,Mv,3,1,seedling,0,8,1,NA,410159,1389,1
jul,D4,7,fungicide,Mv,3,1,seedling,0,5,1,NA,490285,261,1
jul,D4,7,water,Mv,1,1,seedling,0,8,1,NA,321016,4963,1
jul,D4,7,water,Mv,2,1,seedling,0,7,1,NA,364451,4578,1
jul,D4,7,water,Mv,3,1,seedling,0,6,1,NA,366478,4906,1
jul,D4,8,water,Mv,1,1,seedling,0,7,1,NA,297948,1383,1
jul,D4,8,water,Mv,2,1,seedling,0,6,1,NA,135660,672,1
jul,D4,8,water,Mv,3,1,seedling,0,6,1,NA,143574,206,1
jul,D4,9,fungicide,Mv,1,1,seedling,0,6,0,NA,418029,421,1
jul,D4,9,fungicide,Mv,2,1,seedling,0,7,0,NA,234040,3547,1
jul,D4,9,fungicide,Mv,3,1,seedling,0,NA,NA,NA,390626,678,1
jul,D4,9,water,Mv,1,1,seedling,0,8,1,NA,252766,1511,1
jul,D4,9,water,Mv,2,1,seedling,0,8,1,NA,255219,3407,1
jul,D4,9,water,Mv,3,1,seedling,0,2,1,NA,381784,4003,1
late_aug,D1,10,fungicide,Ev,1,1,seedling,0,3,1,0,74753,7438,1
late_aug,D1,10,fungicide,Ev,A,1,adult,0,3,1,0,632143,95384,2
late_aug,D1,10,water,Ev,1,1,seedling,0,3,1,0,119392,8877,2
late_aug,D1,10,water,Ev,2,1,seedling,0,4,2,0,168523,71207,1
late_aug,D1,1,fungicide,Ev,2,1,seedling,0,6,2,0,415150,10262,1
late_aug,D1,1,fungicide,Ev,3,1,seedling,0,7,1,1,196325,41350,1
late_aug,D1,1,fungicide,Ev,A,1,adult,0,4,2,0,854900,13632,2
late_aug,D1,2,fungicide,Ev,1,1,seedling,0,8,6,1,230408,7607,1
late_aug,D1,2,fungicide,Ev,2,1,seedling,0,6,5,1,274277,24631,1
late_aug,D1,2,fungicide,Ev,3,1,seedling,0,4,1,0,349556,10306,1
late_aug,D1,2,fungicide,Ev,A,1,adult,0,9,4,1,261072,14061,1
late_aug,D1,2,water,Ev,1,1,seedling,0,4,2,1,200906,1835,1
late_aug,D1,2,water,Ev,A,1,adult,0,5,3,1,111427,10871,1
late_aug,D1,3,fungicide,Ev,2,1,seedling,0,5,2,1,499200,164741,1
late_aug,D1,3,fungicide,Ev,3,1,seedling,0,7,2,0,563454,41878,1
late_aug,D1,3,fungicide,Ev,A,1,adult,0,2,1,0,267030,49398,1
late_aug,D1,3,water,Ev,1,1,seedling,0,3,3,1,460888,103106,1
late_aug,D1,3,water,Ev,2,1,seedling,0,2,2,1,57408,5117,1
late_aug,D1,3,water,Ev,3,1,seedling,0,5,2,0,278289,59267,1
late_aug,D1,3,water,Ev,A,1,adult,0,6,6,1,183127,17686,1
late_aug,D1,4,fungicide,Ev,1,1,seedling,0,3,2,1,83167,1458,1
late_aug,D1,4,fungicide,Ev,2,1,seedling,0,3,2,1,195811,32582,1
late_aug,D1,4,fungicide,Ev,A,1,adult,0,2,2,0,748675,152015,1
late_aug,D1,5,fungicide,Ev,2,1,seedling,0,3,2,0,350916,5397,1
late_aug,D1,5,fungicide,Ev,A,1,adult,0,4,3,1,410165,10669,1
late_aug,D1,6,fungicide,Ev,A,1,adult,0,3,2,1,174496,64364,1
late_aug,D1,6,water,Ev,1,1,seedling,0,4,1,0,203451,122654,1
late_aug,D1,6,water,Ev,3,1,seedling,0,1,1,1,291896,58697,1
late_aug,D1,6,water,Ev,A,1,adult,0,3,3,0,885020,326312,1
late_aug,D1,7,fungicide,Ev,2,1,seedling,0,6,1,1,223464,20482,1
late_aug,D1,7,fungicide,Ev,3,1,seedling,0,7,4,0,319853,155720,1
late_aug,D1,7,fungicide,Ev,A,1,adult,0,5,3,1,308482,102018,1
late_aug,D1,7,water,Ev,1,1,seedling,0,3,1,0,260205,35411,1
late_aug,D1,7,water,Ev,3,1,seedling,0,4,4,1,150460,4020,1
late_aug,D1,7,water,Ev,A,1,adult,0,7,6,0,387811,2211,1
late_aug,D1,8,fungicide,Ev,1,1,seedling,0,3,2,0,90608,14743,1
late_aug,D1,8,fungicide,Ev,2,1,seedling,0,4,2,1,76788,717,1
late_aug,D1,8,fungicide,Ev,3,1,seedling,0,3,1,0,162901,17357,1
late_aug,D1,8,fungicide,Ev,A,1,adult,0,2,1,1,202480,2752,1
late_aug,D1,8,water,Ev,1,1,seedling,0,2,2,1,113601,6214,1
late_aug,D1,8,water,Ev,3,1,seedling,0,4,1,0,223467,31199,1
late_aug,D1,9,fungicide,Ev,A,1,adult,0,3,1,0,437959,79355,1
late_aug,D1,9,water,Ev,2,1,seedling,0,4,3,0,354460,70209,1
late_aug,D1,9,water,Ev,A,1,adult,0,1,1,0,542074,207232,1
late_aug,D2,10,fungicide,Ev,A,1,adult,0,4,2,0,340141,18934,1
late_aug,D2,10,water,Ev,1,1,seedling,0,1,0,1,318038,194330,1
late_aug,D2,1,fungicide,Ev,2,1,seedling,0,7,6,1,331297,35608,1
late_aug,D2,1,fungicide,Ev,3,1,seedling,0,4,2,0,92621,1781,1
late_aug,D2,1,fungicide,Ev,A,1,adult,0,7,5,0,147814,13656,1
late_aug,D2,2,fungicide,Ev,1,1,seedling,0,2,2,0,247561,119653,1
late_aug,D2,2,fungicide,Ev,2,1,seedling,0,3,1,0,448070,149131,1
late_aug,D2,2,fungicide,Ev,3,1,seedling,0,6,3,0,335765,57584,1
late_aug,D2,2,fungicide,Ev,A,1,adult,0,4,2,0,317876,27807,1
late_aug,D2,2,water,Ev,1,1,seedling,0,4,4,0,273703,41222,1
late_aug,D2,2,water,Ev,3,1,seedling,0,2,2,0,291940,105214,1
late_aug,D2,3,fungicide,Ev,2,1,seedling,0,2,2,0,407170,19575,1
late_aug,D2,3,fungicide,Ev,3,1,seedling,0,6,3,0,171167,46116,1
late_aug,D2,3,fungicide,Ev,A,1,adult,0,2,2,0,277342,67281,1
late_aug,D2,3,water,Ev,1,1,seedling,0,4,3,1,580037,46756,1
late_aug,D2,3,water,Ev,3,1,seedling,0,6,1,1,460745,31467,1
late_aug,D2,3,water,Ev,A,1,adult,0,3,2,0,209801,13619,1
late_aug,D2,4,fungicide,Ev,1,1,seedling,0,6,5,1,647991,75941,1
late_aug,D2,4,fungicide,Ev,2,1,seedling,0,4,3,1,703680,91483,1
late_aug,D2,4,fungicide,Ev,3,1,seedling,0,1,1,1,184800,116881,1
late_aug,D2,4,fungicide,Ev,A,1,adult,0,4,3,0,415809,41077,1
late_aug,D2,5,fungicide,Ev,1,1,seedling,0,7,5,0,304338,7551,1
late_aug,D2,5,fungicide,Ev,2,1,seedling,0,6,2,0,217190,14906,1
late_aug,D2,5,fungicide,Ev,3,1,seedling,0,3,3,0,459564,31924,1
late_aug,D2,5,water,Ev,A,1,adult,0,3,3,0,611337,38964,2
late_aug,D2,6,fungicide,Ev,2,1,seedling,0,7,4,0,327363,103813,1
late_aug,D2,6,fungicide,Ev,3,1,seedling,0,1,1,0,368873,173493,1
late_aug,D2,6,fungicide,Ev,A,1,adult,0,2,1,0,210967,5967,1
late_aug,D2,6,water,Ev,2,1,seedling,0,3,3,0,256060,142598,1
late_aug,D2,6,water,Ev,3,1,seedling,0,2,1,1,221456,97921,1
late_aug,D2,6,water,Ev,A,1,adult,0,6,5,1,264919,12723,1
late_aug,D2,7,water,Ev,1,1,seedling,0,2,1,1,304913,13962,1
late_aug,D2,7,water,Ev,2,1,seedling,0,1,1,1,107364,82930,1
late_aug,D2,7,water,Ev,3,1,seedling,0,4,3,1,128352,40548,1
late_aug,D2,8,fungicide,Ev,1,1,seedling,0,3,3,0,121804,13764,1
late_aug,D2,8,fungicide,Ev,3,1,seedling,0,3,2,1,103038,3685,1
late_aug,D2,8,fungicide,Ev,A,1,adult,0,7,5,1,332702,52502,1
late_aug,D2,8,water,Ev,2,1,seedling,0,5,5,1,158245,22158,1
late_aug,D2,9,fungicide,Ev,3,1,seedling,0,2,2,0,120725,35930,1
late_aug,D2,9,fungicide,Ev,A,1,adult,0,4,3,0,171464,14615,1
late_aug,D2,9,water,Ev,1,1,seedling,0,3,3,1,76603,2919,1
late_aug,D3,10,fungicide,Ev,A,1,adult,0,2,1,0,192935,96344,1
late_aug,D3,10,water,Ev,2,1,seedling,0,2,1,0,172160,3697,1
late_aug,D3,1,fungicide,Ev,A,1,adult,0,7,5,0,226269,10184,1
late_aug,D3,1,water,Ev,A,1,adult,0,2,2,0,441424,8740,1
late_aug,D3,2,fungicide,Ev,A,1,adult,0,3,2,0,370694,101514,1
late_aug,D3,2,water,Ev,A,1,adult,0,4,3,1,67254,3358,1
late_aug,D3,3,fungicide,Ev,A,1,adult,0,1,1,0,128045,23404,1
late_aug,D3,3,water,Ev,3,1,seedling,0,4,4,1,75053,483,1
late_aug,D3,3,water,Ev,A,1,adult,0,5,4,1,364097,9371,1
late_aug,D3,4,fungicide,Ev,A,1,adult,0,3,2,0,342624,72068,1
late_aug,D3,5,fungicide,Ev,A,1,adult,0,5,1,1,958995,31735,2
late_aug,D3,5,water,Ev,1,1,seedling,0,1,1,0,314038,27047,1
late_aug,D3,5,water,Ev,A,1,adult,0,2,1,1,494510,25688,2
late_aug,D3,6,water,Ev,A,1,adult,0,4,3,0,261630,66688,1
late_aug,D3,7,fungicide,Ev,A,1,adult,0,5,3,1,264495,26719,1
late_aug,D3,7,water,Ev,A,1,adult,0,4,1,0,224052,27647,1
late_aug,D3,9,fungicide,Ev,A,1,adult,0,5,5,0,531488,146990,1
late_aug,D4,10,water,Ev,A,1,adult,0,2,1,1,300052,42159,1
late_aug,D4,1,water,Ev,A,1,adult,0,6,2,1,201463,87801,1
late_aug,D4,2,fungicide,Ev,A,1,adult,0,6,2,0,277572,9137,1
late_aug,D4,2,water,Ev,1,1,seedling,0,4,3,1,130688,42971,1
late_aug,D4,2,water,Ev,2,1,seedling,0,3,2,1,201716,65323,1
late_aug,D4,2,water,Ev,3,1,seedling,0,1,1,0,40330,19229,1
late_aug,D4,2,water,Ev,A,1,adult,0,5,3,1,177637,3571,1
late_aug,D4,3,fungicide,Ev,1,1,seedling,0,5,2,0,120924,40,1
late_aug,D4,3,fungicide,Ev,A,1,adult,0,3,1,0,474854,21821,1
late_aug,D4,3,water,Ev,1,1,seedling,0,1,0,1,482557,149618,1
late_aug,D4,3,water,Ev,A,1,adult,0,3,1,1,524581,14070,1
late_aug,D4,4,fungicide,Ev,A,1,adult,0,1,1,0,599921,122890,1
late_aug,D4,5,fungicide,Ev,2,1,seedling,0,1,1,0,48982,8157,1
late_aug,D4,5,fungicide,Ev,A,1,adult,0,3,2,1,510399,2319,2
late_aug,D4,5,water,Ev,A,1,adult,0,1,1,0,254897,70187,1
late_aug,D4,6,fungicide,Ev,A,1,adult,0,6,6,1,433760,52488,1
late_aug,D4,6,water,Ev,3,1,seedling,0,2,2,0,382197,26950,1
late_aug,D4,6,water,Ev,A,1,adult,0,2,2,0,321128,175885,1
late_aug,D4,7,fungicide,Ev,A,1,adult,0,4,3,0,208381,7018,1
late_aug,D4,7,water,Ev,A,1,adult,0,1,0,0,387888,79017,1
late_aug,D4,8,water,Ev,A,1,adult,0,2,1,0,372698,70017,1
late_aug,D4,9,fungicide,Ev,A,1,adult,0,1,1,0,769509,197466,1
late_aug,D1,10,fungicide,Mv,1,1,seedling,0,8,3,NA,237134,2760,1
late_aug,D1,10,fungicide,Mv,2,1,seedling,0,5,1,NA,381065,2702,1
late_aug,D1,10,fungicide,Mv,3,1,seedling,0,4,1,NA,142113,3029,1
late_aug,D1,10,water,Mv,1,1,seedling,0,4,4,NA,811674,39287,1
late_aug,D1,10,water,Mv,2,1,seedling,0,7,7,NA,157286,7823,1
late_aug,D1,10,water,Mv,3,1,seedling,0,7,6,NA,224110,18528,1
late_aug,D1,1,water,Mv,1,1,seedling,0,7,5,NA,236306,5400,1
late_aug,D1,1,water,Mv,2,1,seedling,0,7,5,NA,184423,18902,1
late_aug,D1,1,water,Mv,3,1,seedling,0,6,3,NA,160578,3333,1
late_aug,D1,2,fungicide,Mv,1,1,seedling,0,7,2,NA,340896,779,1
late_aug,D1,2,fungicide,Mv,2,1,seedling,0,5,3,NA,285793,1938,1
late_aug,D1,2,fungicide,Mv,3,1,seedling,0,3,1,NA,97095,351,1
late_aug,D1,2,water,Mv,1,1,seedling,0,6,4,NA,304410,11380,1
late_aug,D1,2,water,Mv,2,1,seedling,0,4,3,NA,498782,19745,1
late_aug,D1,2,water,Mv,3,1,seedling,0,6,5,NA,413533,14295,1
late_aug,D1,3,fungicide,Mv,1,1,seedling,0,7,1,NA,172089,932,1
late_aug,D1,3,fungicide,Mv,2,1,seedling,0,7,1,NA,460169,1322,1
late_aug,D1,3,fungicide,Mv,3,1,seedling,0,6,1,NA,286611,811,1
late_aug,D1,3,water,Mv,1,1,seedling,0,3,3,NA,217826,8088,1
late_aug,D1,3,water,Mv,2,1,seedling,0,9,8,NA,172212,13633,1
late_aug,D1,3,water,Mv,3,1,seedling,0,6,4,NA,108697,7834,1
late_aug,D1,4,fungicide,Mv,1,1,seedling,0,6,3,NA,153516,3615,1
late_aug,D1,4,fungicide,Mv,2,1,seedling,0,6,2,NA,170967,12067,1
late_aug,D1,4,fungicide,Mv,3,1,seedling,0,4,2,NA,129733,2651,1
late_aug,D1,4,water,Mv,2,1,seedling,0,7,2,NA,228635,3559,1
late_aug,D1,4,water,Mv,3,1,seedling,0,8,2,NA,401256,12189,1
late_aug,D1,5,fungicide,Mv,1,1,seedling,0,7,3,NA,192394,1894,1
late_aug,D1,5,fungicide,Mv,2,1,seedling,0,5,1,NA,246491,3538,1
late_aug,D1,5,fungicide,Mv,3,1,seedling,0,4,2,NA,321409,3778,1
late_aug,D1,6,water,Mv,1,1,seedling,0,4,4,NA,542023,33747,1
late_aug,D1,6,water,Mv,2,1,seedling,0,5,4,NA,276670,22650,1
late_aug,D1,6,water,Mv,3,1,seedling,0,6,5,NA,293898,15090,1
late_aug,D1,7,fungicide,Mv,1,1,seedling,0,6,1,NA,207432,1046,1
late_aug,D1,7,fungicide,Mv,2,1,seedling,0,5,1,NA,215185,1790,1
late_aug,D1,7,fungicide,Mv,3,1,seedling,0,8,1,NA,314285,630,1
late_aug,D1,7,water,Mv,1,1,seedling,0,8,6,NA,287155,29732,1
late_aug,D1,7,water,Mv,2,1,seedling,0,5,4,NA,91288,6543,1
late_aug,D1,7,water,Mv,3,1,seedling,0,4,4,NA,403489,15513,1
late_aug,D1,8,fungicide,Mv,1,1,seedling,0,8,5,NA,424321,10433,1
late_aug,D1,8,fungicide,Mv,2,1,seedling,0,6,2,NA,306315,2355,1
late_aug,D1,8,fungicide,Mv,3,1,seedling,0,4,1,NA,340252,3149,1
late_aug,D1,8,water,Mv,1,1,seedling,0,8,6,NA,437699,29890,1
late_aug,D1,8,water,Mv,2,1,seedling,0,6,6,NA,152194,8134,1
late_aug,D1,8,water,Mv,3,1,seedling,0,9,7,NA,372198,15847,1
late_aug,D1,9,fungicide,Mv,1,1,seedling,0,8,1,NA,135445,10890,1
late_aug,D1,9,fungicide,Mv,2,1,seedling,0,6,2,NA,117064,1546,1
late_aug,D1,9,fungicide,Mv,3,1,seedling,0,7,4,NA,235341,7014,1
late_aug,D1,9,water,Mv,1,1,seedling,0,9,2,NA,344577,4864,1
late_aug,D1,9,water,Mv,2,1,seedling,0,7,3,NA,256653,13368,1
late_aug,D1,9,water,Mv,3,1,seedling,0,6,1,NA,290310,5064,1
late_aug,D2,10,fungicide,Mv,1,1,seedling,0,6,1,NA,393405,4605,1
late_aug,D2,10,fungicide,Mv,3,1,seedling,0,5,1,NA,497029,2109,1
late_aug,D2,10,water,Mv,1,1,seedling,0,5,5,NA,374751,48184,1
late_aug,D2,10,water,Mv,2,1,seedling,0,5,5,NA,281317,17664,1
late_aug,D2,10,water,Mv,3,1,seedling,0,6,5,NA,87437,11497,1
late_aug,D2,1,fungicide,Mv,1,1,seedling,0,5,3,NA,399281,862,1
late_aug,D2,1,fungicide,Mv,2,1,seedling,0,6,1,NA,287719,21778,1
late_aug,D2,1,fungicide,Mv,3,1,seedling,0,5,2,NA,340716,4509,1
late_aug,D2,1,water,Mv,1,1,seedling,0,7,1,NA,483002,5289,1
late_aug,D2,1,water,Mv,2,1,seedling,0,4,1,NA,227444,1912,1
late_aug,D2,1,water,Mv,3,1,seedling,0,7,1,NA,373456,2658,1
late_aug,D2,2,fungicide,Mv,3,1,seedling,0,5,1,NA,166404,1073,1
late_aug,D2,2,water,Mv,1,1,seedling,0,7,6,NA,413145,23172,1
late_aug,D2,2,water,Mv,2,1,seedling,0,3,2,NA,379813,7485,1
late_aug,D2,2,water,Mv,3,1,seedling,0,7,6,NA,230397,33296,1
late_aug,D2,3,fungicide,Mv,1,1,seedling,0,6,3,NA,203736,813,1
late_aug,D2,3,fungicide,Mv,2,1,seedling,0,6,4,NA,190384,580,1
late_aug,D2,3,fungicide,Mv,3,1,seedling,0,5,3,NA,431891,1449,1
late_aug,D2,3,water,Mv,1,1,seedling,0,6,1,NA,265550,2090,1
late_aug,D2,3,water,Mv,2,1,seedling,0,6,1,NA,232766,5169,1
late_aug,D2,3,water,Mv,3,1,seedling,0,7,2,NA,257299,680,1
late_aug,D2,4,fungicide,Mv,1,1,seedling,0,7,2,NA,307090,141,1
late_aug,D2,4,fungicide,Mv,2,1,seedling,0,7,5,NA,273171,3594,1
late_aug,D2,4,fungicide,Mv,3,1,seedling,0,4,1,NA,250691,8293,1
late_aug,D2,4,water,Mv,1,1,seedling,0,6,6,NA,437976,12031,1
late_aug,D2,4,water,Mv,2,1,seedling,0,3,2,NA,385426,21524,1
late_aug,D2,4,water,Mv,3,1,seedling,0,7,7,NA,273664,30692,1
late_aug,D2,5,fungicide,Mv,1,1,seedling,0,5,3,NA,557176,6398,1
late_aug,D2,5,fungicide,Mv,2,1,seedling,0,5,3,NA,364732,4662,1
late_aug,D2,5,fungicide,Mv,3,1,seedling,0,4,2,NA,174368,1251,1
late_aug,D2,5,water,Mv,1,1,seedling,0,5,5,NA,352289,22046,1
late_aug,D2,5,water,Mv,2,1,seedling,0,9,8,NA,302471,38534,1
late_aug,D2,5,water,Mv,3,1,seedling,0,8,8,NA,346319,47597,1
late_aug,D2,6,fungicide,Mv,1,1,seedling,0,8,5,NA,220082,3040,1
late_aug,D2,6,fungicide,Mv,2,1,seedling,0,4,4,NA,127728,1239,1
late_aug,D2,6,fungicide,Mv,3,1,seedling,0,5,4,NA,346353,10397,1
late_aug,D2,6,water,Mv,1,1,seedling,0,6,6,NA,240586,22015,1
late_aug,D2,6,water,Mv,2,1,seedling,0,4,3,NA,65216,2681,1
late_aug,D2,6,water,Mv,3,1,seedling,0,5,5,NA,427249,17059,1
late_aug,D2,7,fungicide,Mv,1,1,seedling,0,6,2,NA,208498,522,1
late_aug,D2,7,fungicide,Mv,2,1,seedling,0,4,2,NA,335044,247,1
late_aug,D2,7,water,Mv,1,1,seedling,0,5,4,NA,326862,7860,1
late_aug,D2,7,water,Mv,2,1,seedling,0,5,5,NA,542941,107865,1
late_aug,D2,7,water,Mv,3,1,seedling,0,4,4,NA,428454,37362,1
late_aug,D2,8,fungicide,Mv,1,1,seedling,0,6,3,NA,235544,5027,1
late_aug,D2,8,fungicide,Mv,2,1,seedling,0,6,5,NA,275820,837,1
late_aug,D2,8,fungicide,Mv,3,1,seedling,0,8,7,NA,364294,7928,1
late_aug,D2,8,water,Mv,1,1,seedling,0,6,4,NA,223020,14127,1
late_aug,D2,8,water,Mv,2,1,seedling,0,6,5,NA,143753,11871,1
late_aug,D2,8,water,Mv,3,1,seedling,0,8,6,NA,489450,30641,1
late_aug,D2,9,fungicide,Mv,1,1,seedling,0,6,3,NA,373739,304,1
late_aug,D2,9,fungicide,Mv,2,1,seedling,0,7,3,NA,261363,2519,1
late_aug,D2,9,fungicide,Mv,3,1,seedling,0,7,3,NA,197682,508,1
late_aug,D2,9,water,Mv,1,1,seedling,0,6,6,NA,408994,12284,1
late_aug,D2,9,water,Mv,2,1,seedling,0,5,5,NA,447797,13199,1
late_aug,D2,9,water,Mv,3,1,seedling,0,6,6,NA,157802,6033,1
late_aug,D3,10,fungicide,Mv,1,1,seedling,0,5,3,NA,121895,4678,1
late_aug,D3,10,fungicide,Mv,2,1,seedling,0,5,4,NA,167145,3509,1
late_aug,D3,10,fungicide,Mv,3,1,seedling,0,5,4,NA,280579,7303,1
late_aug,D3,10,water,Mv,1,1,seedling,0,6,5,NA,111258,4761,1
late_aug,D3,10,water,Mv,3,1,seedling,0,6,5,NA,94380,1721,1
late_aug,D3,1,fungicide,Mv,1,1,seedling,0,8,3,NA,149445,6469,1
late_aug,D3,1,fungicide,Mv,2,1,seedling,0,5,4,NA,140254,3269,1
late_aug,D3,1,fungicide,Mv,3,1,seedling,0,6,3,NA,126459,1682,1
late_aug,D3,1,water,Mv,1,1,seedling,0,2,2,NA,180793,29135,1
late_aug,D3,1,water,Mv,2,1,seedling,0,6,6,NA,245999,32533,1
late_aug,D3,1,water,Mv,3,1,seedling,0,5,5,NA,119634,6420,1
late_aug,D3,2,fungicide,Mv,1,1,seedling,0,6,2,NA,196318,939,1
late_aug,D3,2,fungicide,Mv,2,1,seedling,0,5,5,NA,268280,12235,1
late_aug,D3,2,fungicide,Mv,3,1,seedling,0,8,5,NA,181707,2504,1
late_aug,D3,2,water,Mv,2,1,seedling,0,7,6,NA,269744,42976,1
late_aug,D3,2,water,Mv,3,1,seedling,0,3,3,NA,156770,18421,1
late_aug,D3,3,fungicide,Mv,1,1,seedling,0,7,4,NA,196507,8694,1
late_aug,D3,3,fungicide,Mv,3,1,seedling,0,4,1,NA,122846,647,1
late_aug,D3,3,water,Mv,1,1,seedling,0,3,3,NA,118368,11012,1
late_aug,D3,3,water,Mv,2,1,seedling,0,6,5,NA,59703,34203,1
late_aug,D3,3,water,Mv,3,1,seedling,0,6,6,NA,175731,49296,1
late_aug,D3,4,fungicide,Mv,1,1,seedling,0,8,7,NA,203890,3851,1
late_aug,D3,4,fungicide,Mv,2,1,seedling,0,5,4,NA,85464,1953,1
late_aug,D3,4,water,Mv,1,1,seedling,0,5,4,NA,324515,982,1
late_aug,D3,4,water,Mv,2,1,seedling,0,6,6,NA,259562,11684,1
late_aug,D3,4,water,Mv,3,1,seedling,0,5,5,NA,300113,16464,1
late_aug,D3,5,fungicide,Mv,1,1,seedling,0,6,3,NA,126245,3836,1
late_aug,D3,5,water,Mv,1,1,seedling,0,7,6,NA,318607,33461,1
late_aug,D3,5,water,Mv,2,1,seedling,0,7,7,NA,173479,18374,1
late_aug,D3,5,water,Mv,3,1,seedling,0,5,5,NA,297278,51785,1
late_aug,D3,6,fungicide,Mv,1,1,seedling,0,7,6,NA,349468,2482,1
late_aug,D3,6,water,Mv,1,1,seedling,0,3,2,NA,231658,7130,1
late_aug,D3,6,water,Mv,2,1,seedling,0,6,6,NA,313730,21836,1
late_aug,D3,6,water,Mv,3,1,seedling,0,7,6,NA,195306,22586,1
late_aug,D3,7,fungicide,Mv,2,1,seedling,0,4,3,NA,112495,9241,1
late_aug,D3,7,fungicide,Mv,3,1,seedling,0,4,3,NA,405691,6425,1
late_aug,D3,7,water,Mv,1,1,seedling,0,8,4,NA,73170,1185,1
late_aug,D3,7,water,Mv,2,1,seedling,0,6,5,NA,259971,39051,1
late_aug,D3,7,water,Mv,3,1,seedling,0,6,6,NA,277578,20055,1
late_aug,D3,8,fungicide,Mv,1,1,seedling,0,5,5,NA,363059,6118,1
late_aug,D3,8,fungicide,Mv,2,1,seedling,0,5,4,NA,200358,2421,1
late_aug,D3,8,fungicide,Mv,3,1,seedling,0,8,4,NA,172358,4177,1
late_aug,D3,8,water,Mv,1,1,seedling,0,5,3,NA,169878,7906,1
late_aug,D3,8,water,Mv,2,1,seedling,0,5,4,NA,296357,13476,1
late_aug,D3,8,water,Mv,3,1,seedling,0,4,4,NA,211103,6920,1
late_aug,D3,9,fungicide,Mv,1,1,seedling,0,4,2,NA,130892,1668,1
late_aug,D3,9,fungicide,Mv,2,1,seedling,0,3,3,NA,147887,4073,1
late_aug,D3,9,fungicide,Mv,3,1,seedling,0,4,3,NA,161865,3711,1
late_aug,D3,9,water,Mv,3,1,seedling,0,4,4,NA,196330,13946,1
late_aug,D4,10,water,Mv,1,1,seedling,0,3,3,NA,132889,10831,1
late_aug,D4,10,water,Mv,2,1,seedling,0,2,1,NA,299966,16309,1
late_aug,D4,10,water,Mv,3,1,seedling,0,2,1,NA,317300,28438,1
late_aug,D4,1,fungicide,Mv,1,1,seedling,0,5,1,NA,121739,890,1
late_aug,D4,1,fungicide,Mv,2,1,seedling,0,6,1,NA,75434,644,1
late_aug,D4,1,fungicide,Mv,3,1,seedling,0,6,4,NA,210679,1378,1
late_aug,D4,1,water,Mv,1,1,seedling,0,5,2,NA,99856,15827,1
late_aug,D4,1,water,Mv,2,1,seedling,0,5,4,NA,79604,3176,1
late_aug,D4,1,water,Mv,3,1,seedling,0,7,5,NA,137990,6004,1
late_aug,D4,2,fungicide,Mv,2,1,seedling,0,6,4,NA,213695,20911,1
late_aug,D4,2,fungicide,Mv,3,1,seedling,0,6,1,NA,243842,1700,1
late_aug,D4,2,water,Mv,1,1,seedling,0,3,1,NA,225800,3416,1
late_aug,D4,2,water,Mv,3,1,seedling,0,4,3,NA,118392,9820,1
late_aug,D4,3,fungicide,Mv,1,1,seedling,0,4,2,NA,136655,6486,1
late_aug,D4,3,fungicide,Mv,2,1,seedling,0,3,2,NA,124565,8939,1
late_aug,D4,3,fungicide,Mv,3,1,seedling,0,6,5,NA,297729,10118,1
late_aug,D4,3,water,Mv,1,1,seedling,0,4,4,NA,374457,28490,1
late_aug,D4,3,water,Mv,2,1,seedling,0,5,5,NA,183880,17246,1
late_aug,D4,3,water,Mv,3,1,seedling,0,4,4,NA,327839,62884,1
late_aug,D4,4,fungicide,Mv,2,1,seedling,0,5,2,NA,121898,1229,1
late_aug,D4,4,fungicide,Mv,3,1,seedling,0,4,2,NA,296014,1339,1
late_aug,D4,4,water,Mv,1,1,seedling,0,5,3,NA,100157,7125,1
late_aug,D4,4,water,Mv,2,1,seedling,0,7,5,NA,188134,12103,1
late_aug,D4,4,water,Mv,3,1,seedling,0,4,4,NA,274263,25487,1
late_aug,D4,5,fungicide,Mv,1,1,seedling,0,4,2,NA,160445,528,1
late_aug,D4,5,fungicide,Mv,2,1,seedling,0,6,2,NA,190428,1396,1
late_aug,D4,5,water,Mv,1,1,seedling,0,7,4,NA,215688,3091,1
late_aug,D4,5,water,Mv,2,1,seedling,0,4,2,NA,97000,15592,1
late_aug,D4,5,water,Mv,3,1,seedling,0,7,2,NA,152354,4688,1
late_aug,D4,6,fungicide,Mv,1,1,seedling,0,6,2,NA,105432,1777,1
late_aug,D4,6,fungicide,Mv,2,1,seedling,0,6,2,NA,161224,802,1
late_aug,D4,6,water,Mv,1,1,seedling,0,6,2,NA,202104,11369,1
late_aug,D4,6,water,Mv,2,1,seedling,0,8,4,NA,219811,2018,1
late_aug,D4,6,water,Mv,3,1,seedling,0,4,3,NA,197087,207,1
late_aug,D4,7,fungicide,Mv,1,1,seedling,0,10,5,NA,151461,778,1
late_aug,D4,7,fungicide,Mv,2,1,seedling,0,6,2,NA,149986,2000,1
late_aug,D4,7,fungicide,Mv,3,1,seedling,0,7,4,NA,125569,1099,1
late_aug,D4,7,water,Mv,1,1,seedling,0,4,3,NA,300987,9348,1
late_aug,D4,7,water,Mv,2,1,seedling,0,5,4,NA,83520,6759,1
late_aug,D4,7,water,Mv,3,1,seedling,0,4,3,NA,31885,1947,1
late_aug,D4,8,water,Mv,1,1,seedling,0,4,3,NA,86760,12416,1
late_aug,D4,8,water,Mv,2,1,seedling,0,4,3,NA,109702,6177,1
late_aug,D4,8,water,Mv,3,1,seedling,0,4,2,NA,224218,4636,1
late_aug,D4,9,fungicide,Mv,1,1,seedling,0,4,2,NA,309369,3994,1
late_aug,D4,9,fungicide,Mv,2,1,seedling,0,5,5,NA,387918,7516,1
late_aug,D4,9,water,Mv,1,1,seedling,0,4,2,NA,313798,5664,1
late_aug,D4,9,water,Mv,2,1,seedling,0,4,3,NA,111051,24913,1
late_aug,D4,9,water,Mv,3,1,seedling,0,3,3,NA,164766,12595,1
sep,D1,10,fungicide,Ev,1,1,seedling,0,2,1,0,73159,2053,1
sep,D1,10,fungicide,Ev,3,1,seedling,0,3,1,0,452938,102338,1
sep,D1,10,fungicide,Ev,A,1,adult,0,2,1,1,457296,28579,1
sep,D1,10,water,Ev,A,1,adult,0,1,1,0,433032,40432,1
sep,D1,1,fungicide,Ev,3,1,seedling,0,4,1,0,359472,42163,1
sep,D1,1,fungicide,Ev,A,1,adult,0,2,2,0,1013291,12349,2
sep,D1,2,fungicide,Ev,3,1,seedling,0,3,1,1,151133,1334,1
sep,D1,2,fungicide,Ev,A,1,adult,0,2,2,1,229764,2093,1
sep,D1,2,water,Ev,1,1,seedling,0,3,3,1,213711,38851,1
sep,D1,2,water,Ev,3,1,seedling,0,1,1,0,236454,55774,1
sep,D1,2,water,Ev,A,1,adult,0,1,1,1,499126,145297,1
sep,D1,3,fungicide,Ev,A,1,adult,0,4,4,0,112156,7604,1
sep,D1,3,water,Ev,1,1,seedling,0,3,3,1,595299,15021,2
sep,D1,3,water,Ev,2,1,seedling,0,3,2,1,425173,1495,2
sep,D1,3,water,Ev,3,1,seedling,0,4,1,0,190153,9042,1
sep,D1,3,water,Ev,A,1,adult,0,4,3,1,872959,5792,2
sep,D1,4,fungicide,Ev,1,1,seedling,0,3,3,1,520545,32252,2
sep,D1,4,fungicide,Ev,2,1,seedling,0,3,1,0,487193,64492,2
sep,D1,4,fungicide,Ev,A,1,adult,0,2,1,1,99755,563,1
sep,D1,5,fungicide,Ev,2,1,seedling,0,3,1,1,248362,432,1
sep,D1,5,fungicide,Ev,A,1,adult,0,3,2,1,516404,7534,2
sep,D1,6,water,Ev,2,1,seedling,0,1,1,1,176550,15,1
sep,D1,6,water,Ev,3,1,seedling,0,3,2,1,248146,255,1
sep,D1,6,water,Ev,A,1,adult,0,3,1,0,1007270,982,2
sep,D1,7,fungicide,Ev,2,1,seedling,0,3,2,1,522065,904,2
sep,D1,7,fungicide,Ev,3,1,seedling,0,3,2,1,613393,493,2
sep,D1,7,water,Ev,1,1,seedling,0,4,3,0,199428,4508,1
sep,D1,7,water,Ev,3,1,seedling,0,2,2,1,145898,45,1
sep,D1,7,water,Ev,A,1,adult,0,2,1,1,440547,27339,1
sep,D1,8,water,Ev,1,1,seedling,0,3,2,1,177971,31799,1
sep,D1,9,fungicide,Ev,1,1,seedling,0,4,1,0,540689,110779,2
sep,D1,9,fungicide,Ev,A,1,adult,0,2,1,0,526490,4,2
sep,D1,9,water,Ev,1,1,seedling,0,3,2,0,260471,25614,1
sep,D1,9,water,Ev,2,1,seedling,0,3,2,1,341623,1158,1
sep,D1,9,water,Ev,3,1,seedling,0,3,2,1,241800,39004,1
sep,D1,9,water,Ev,A,1,adult,0,2,1,0,1369632,24853,2
sep,D2,10,water,Ev,1,1,seedling,0,2,2,1,441169,43722,2
sep,D2,10,water,Ev,A,1,adult,0,2,1,1,280919,9418,1
sep,D2,1,fungicide,Ev,2,1,seedling,0,3,1,0,365147,2672,1
sep,D2,1,fungicide,Ev,3,1,seedling,0,6,1,1,88660,280,1
sep,D2,1,fungicide,Ev,A,1,adult,0,3,3,0,242320,74368,1
sep,D2,2,fungicide,Ev,2,1,seedling,0,2,2,0,421956,74476,1
sep,D2,2,fungicide,Ev,3,1,seedling,0,4,1,0,245714,2604,1
sep,D2,3,fungicide,Ev,2,1,seedling,0,3,1,0,792923,1873,2
sep,D2,3,fungicide,Ev,3,1,seedling,0,3,1,0,419688,597,2
sep,D2,3,fungicide,Ev,A,1,adult,0,2,1,0,265037,169,1
sep,D2,3,water,Ev,1,1,seedling,0,3,3,0,294214,85644,1
sep,D2,3,water,Ev,3,1,seedling,0,5,3,0,294437,10359,1
sep,D2,3,water,Ev,A,1,adult,0,2,1,0,526157,1276,2
sep,D2,4,fungicide,Ev,1,1,seedling,0,4,2,1,243253,27208,1
sep,D2,4,fungicide,Ev,2,1,seedling,0,3,1,0,313804,2551,1
sep,D2,4,fungicide,Ev,3,1,seedling,0,7,1,1,188086,18677,1
sep,D2,5,fungicide,Ev,1,1,seedling,0,1,1,0,118904,6201,1
sep,D2,5,fungicide,Ev,2,1,seedling,0,4,4,0,183633,36171,1
sep,D2,5,water,Ev,A,1,adult,0,3,1,1,375341,24832,2
sep,D2,6,fungicide,Ev,2,1,seedling,0,5,2,0,152750,5379,1
sep,D2,6,fungicide,Ev,3,1,seedling,0,3,1,1,314945,934,1
sep,D2,6,water,Ev,1,1,seedling,0,2,1,1,344592,2364,2
sep,D2,6,water,Ev,2,1,seedling,0,1,0,1,400057,32970,2
sep,D2,6,water,Ev,A,1,adult,0,2,1,0,347859,219,1
sep,D2,7,water,Ev,1,1,seedling,0,3,2,1,394204,17752,1
sep,D2,7,water,Ev,2,1,seedling,0,2,2,0,219367,12043,1
sep,D2,7,water,Ev,3,1,seedling,0,1,1,0,79691,8609,1
sep,D2,8,fungicide,Ev,1,1,seedling,0,3,1,0,204112,8949,1
sep,D2,8,fungicide,Ev,2,1,seedling,0,1,1,0,721841,165325,2
sep,D2,8,fungicide,Ev,3,1,seedling,0,3,1,0,110759,15872,1
sep,D2,8,fungicide,Ev,A,1,adult,0,3,2,0,586423,4936,2
sep,D2,8,water,Ev,3,1,seedling,0,3,3,1,135010,296,1
sep,D2,9,water,Ev,3,1,seedling,0,3,1,1,360673,4254,2
sep,D2,9,water,Ev,A,1,adult,0,3,1,0,78974,23591,1
sep,D3,10,fungicide,Ev,A,1,adult,0,2,1,0,303225,63431,1
sep,D3,10,water,Ev,3,1,seedling,0,3,1,0,57721,1864,1
sep,D3,1,fungicide,Ev,A,1,adult,0,4,4,1,645465,14543,2
sep,D3,1,water,Ev,A,1,adult,0,1,1,1,386011,20371,2
sep,D3,2,fungicide,Ev,A,1,adult,0,2,1,1,266542,125107,1
sep,D3,3,water,Ev,A,1,adult,0,3,1,0,808959,218988,2
sep,D3,5,fungicide,Ev,A,1,adult,0,3,1,0,108845,6742,1
sep,D3,5,water,Ev,1,1,seedling,0,4,1,0,84623,14973,1
sep,D3,5,water,Ev,A,1,adult,0,4,3,1,333852,739,1
sep,D3,6,water,Ev,A,1,adult,0,3,1,0,334663,23929,1
sep,D3,7,water,Ev,A,1,adult,0,4,1,0,280102,34835,1
sep,D3,9,fungicide,Ev,A,1,adult,0,5,2,0,307094,213042,1
sep,D3,9,water,Ev,A,1,adult,0,2,1,0,262395,4295,1
sep,D4,10,water,Ev,A,1,adult,0,3,2,0,103122,7606,1
sep,D4,1,water,Ev,2,1,seedling,0,2,1,0,79086,34008,1
sep,D4,1,water,Ev,A,1,adult,0,3,3,1,271695,29618,1
sep,D4,2,water,Ev,1,1,seedling,0,1,1,0,86339,726,1
sep,D4,2,water,Ev,2,1,seedling,0,2,2,0,230042,4642,1
sep,D4,2,water,Ev,A,1,adult,0,2,2,0,286445,32337,1
sep,D4,3,fungicide,Ev,1,1,seedling,0,4,1,0,210321,30173,1
sep,D4,3,fungicide,Ev,A,1,adult,0,1,1,0,473819,223590,1
sep,D4,3,water,Ev,A,1,adult,0,4,4,0,305135,17491,1
sep,D4,5,fungicide,Ev,A,1,adult,0,3,2,1,401207,19294,1
sep,D4,5,water,Ev,A,1,adult,0,2,1,0,506562,199392,2
sep,D4,6,fungicide,Ev,A,1,adult,0,3,2,0,163846,61046,1
sep,D4,6,water,Ev,A,1,adult,0,2,1,1,529685,15484,1
sep,D4,7,fungicide,Ev,A,1,adult,0,1,1,0,365461,4159,1
sep,D4,7,water,Ev,1,1,seedling,0,2,1,1,142544,1901,1
sep,D4,7,water,Ev,A,1,adult,0,2,2,1,386897,632,1
sep,D4,8,water,Ev,1,1,seedling,0,2,1,1,141635,9816,1
sep,D4,8,water,Ev,A,1,adult,0,3,1,0,489304,244,2
sep,D4,9,fungicide,Ev,A,1,adult,0,2,2,0,259107,32098,1
sep,D4,9,water,Ev,A,1,adult,0,3,2,1,818036,2046,2
sep,D1,10,fungicide,Mv,1,1,seedling,0,6,3,NA,383673,5266,1
sep,D1,10,fungicide,Mv,2,1,seedling,0,4,3,NA,68159,2531,1
sep,D1,10,fungicide,Mv,3,1,seedling,0,4,3,NA,226599,4979,1
sep,D1,10,water,Mv,1,1,seedling,0,5,5,NA,209722,66695,1
sep,D1,10,water,Mv,2,1,seedling,0,5,5,NA,411182,13921,1
sep,D1,10,water,Mv,3,1,seedling,0,4,4,NA,254525,26222,1
sep,D1,1,fungicide,Mv,3,1,seedling,0,5,2,NA,368364,1110,1
sep,D1,1,water,Mv,1,1,seedling,0,3,3,NA,339434,89013,1
sep,D1,1,water,Mv,2,1,seedling,0,6,6,NA,314142,65253,1
sep,D1,1,water,Mv,3,1,seedling,0,2,2,NA,147565,14662,1
sep,D1,2,fungicide,Mv,1,1,seedling,0,3,1,NA,56192,1594,1
sep,D1,2,fungicide,Mv,2,1,seedling,0,5,3,NA,161293,9260,1
sep,D1,2,fungicide,Mv,3,1,seedling,0,3,1,NA,109296,9616,1
sep,D1,2,water,Mv,1,1,seedling,0,4,4,NA,64182,23109,1
sep,D1,2,water,Mv,2,1,seedling,0,4,4,NA,347771,58086,1
sep,D1,2,water,Mv,3,1,seedling,0,2,2,NA,232815,43824,1
sep,D1,3,fungicide,Mv,1,1,seedling,0,5,1,NA,404448,3593,1
sep,D1,3,fungicide,Mv,2,1,seedling,0,3,3,NA,409604,1144,1
sep,D1,3,fungicide,Mv,3,1,seedling,0,6,2,NA,37761,380,1
sep,D1,3,water,Mv,1,1,seedling,0,3,2,NA,135706,4387,1
sep,D1,3,water,Mv,2,1,seedling,0,4,4,NA,166890,51913,1
sep,D1,3,water,Mv,3,1,seedling,0,8,8,NA,198164,68344,1
sep,D1,4,fungicide,Mv,1,1,seedling,0,2,2,NA,274114,34173,1
sep,D1,4,fungicide,Mv,2,1,seedling,0,3,2,NA,159163,153,1
sep,D1,4,fungicide,Mv,3,1,seedling,0,3,1,NA,70915,8961,1
sep,D1,4,water,Mv,1,1,seedling,0,4,1,NA,275435,61100,1
sep,D1,4,water,Mv,2,1,seedling,0,4,3,NA,253888,26743,1
sep,D1,4,water,Mv,3,1,seedling,0,3,2,NA,281430,40461,1
sep,D1,5,fungicide,Mv,1,1,seedling,0,4,4,NA,226399,897,1
sep,D1,5,fungicide,Mv,2,1,seedling,0,3,2,NA,424502,2835,1
sep,D1,5,fungicide,Mv,3,1,seedling,0,5,1,NA,271496,2527,1
sep,D1,5,water,Mv,1,1,seedling,0,5,2,NA,91755,3720,1
sep,D1,5,water,Mv,2,1,seedling,0,5,1,NA,204939,5197,1
sep,D1,5,water,Mv,3,1,seedling,0,5,2,NA,241806,21497,1
sep,D1,6,water,Mv,1,1,seedling,0,4,4,NA,403000,29599,1
sep,D1,6,water,Mv,2,1,seedling,0,3,3,NA,179148,45499,1
sep,D1,6,water,Mv,3,1,seedling,0,3,3,NA,53487,19299,1
sep,D1,7,fungicide,Mv,1,1,seedling,0,4,3,NA,101431,7422,1
sep,D1,7,fungicide,Mv,3,1,seedling,0,6,3,NA,156125,6714,1
sep,D1,7,water,Mv,1,1,seedling,0,3,3,NA,391598,105135,1
sep,D1,7,water,Mv,2,1,seedling,0,6,6,NA,245172,52392,2
sep,D1,7,water,Mv,3,1,seedling,0,4,4,NA,326168,52593,1
sep,D1,8,fungicide,Mv,1,1,seedling,0,4,2,NA,180977,1277,1
sep,D1,8,fungicide,Mv,2,1,seedling,0,2,2,NA,324057,5566,1
sep,D1,8,fungicide,Mv,3,1,seedling,0,3,1,NA,147205,2270,1
sep,D1,8,water,Mv,1,1,seedling,0,4,3,NA,434955,86320,1
sep,D1,8,water,Mv,3,1,seedling,0,5,5,NA,129869,52483,1
sep,D1,9,fungicide,Mv,1,1,seedling,0,5,2,NA,162455,9137,1
sep,D1,9,fungicide,Mv,2,1,seedling,0,6,2,NA,240460,4577,1
sep,D1,9,fungicide,Mv,3,1,seedling,0,6,5,NA,252015,3003,1
sep,D1,9,water,Mv,1,1,seedling,0,5,5,NA,133967,10325,1
sep,D1,9,water,Mv,2,1,seedling,0,5,5,NA,231345,4510,1
sep,D1,9,water,Mv,3,1,seedling,0,4,3,NA,87262,25360,1
sep,D2,10,water,Mv,1,1,seedling,0,8,8,NA,400486,73088,1
sep,D2,10,water,Mv,2,1,seedling,0,5,5,NA,136266,57729,1
sep,D2,10,water,Mv,3,1,seedling,0,3,3,NA,173186,54951,1
sep,D2,1,fungicide,Mv,1,1,seedling,0,3,1,NA,297779,1147,1
sep,D2,1,fungicide,Mv,2,1,seedling,0,4,2,NA,359518,1343,1
sep,D2,1,fungicide,Mv,3,1,seedling,0,6,5,NA,217342,16495,1
sep,D2,1,water,Mv,1,1,seedling,0,5,1,NA,301177,3908,1
sep,D2,1,water,Mv,2,1,seedling,0,3,1,NA,195306,967,1
sep,D2,1,water,Mv,3,1,seedling,0,6,2,NA,491881,1368,1
sep,D2,2,fungicide,Mv,2,1,seedling,0,5,1,NA,244093,817,1
sep,D2,2,fungicide,Mv,3,1,seedling,0,4,1,NA,253468,1150,1
sep,D2,2,water,Mv,1,1,seedling,0,4,4,NA,167228,70160,1
sep,D2,2,water,Mv,2,1,seedling,0,3,3,NA,142903,52140,1
sep,D2,2,water,Mv,3,1,seedling,0,3,3,NA,400873,171300,1
sep,D2,3,fungicide,Mv,1,1,seedling,0,5,4,NA,194073,4978,1
sep,D2,3,fungicide,Mv,2,1,seedling,0,4,2,NA,105559,2097,1
sep,D2,3,fungicide,Mv,3,1,seedling,0,3,3,NA,201987,1092,1
sep,D2,3,water,Mv,1,1,seedling,0,4,2,NA,354427,9345,1
sep,D2,3,water,Mv,2,1,seedling,0,4,1,NA,166198,4430,1
sep,D2,3,water,Mv,3,1,seedling,0,4,2,NA,282948,4342,1
sep,D2,4,fungicide,Mv,1,1,seedling,0,6,1,NA,106523,361,1
sep,D2,4,fungicide,Mv,2,1,seedling,0,4,2,NA,255920,4549,1
sep,D2,4,fungicide,Mv,3,1,seedling,0,5,2,NA,72897,3546,1
sep,D2,4,water,Mv,2,1,seedling,0,3,3,NA,36957,2659,1
sep,D2,4,water,Mv,3,1,seedling,0,4,4,NA,164042,19111,1
sep,D2,5,fungicide,Mv,1,1,seedling,0,5,5,NA,168333,13117,1
sep,D2,5,fungicide,Mv,2,1,seedling,0,6,5,NA,284495,6214,1
sep,D2,5,fungicide,Mv,3,1,seedling,0,5,4,NA,139301,389,1
sep,D2,5,water,Mv,1,1,seedling,0,6,6,NA,156883,21992,1
sep,D2,5,water,Mv,2,1,seedling,0,6,6,NA,306088,67191,1
sep,D2,5,water,Mv,3,1,seedling,0,2,2,NA,277110,118832,1
sep,D2,6,fungicide,Mv,1,1,seedling,0,4,3,NA,195659,2401,1
sep,D2,6,fungicide,Mv,2,1,seedling,0,3,3,NA,298060,3001,1
sep,D2,6,fungicide,Mv,3,1,seedling,0,4,4,NA,445526,8726,1
sep,D2,6,water,Mv,1,1,seedling,0,4,4,NA,124453,24978,1
sep,D2,6,water,Mv,2,1,seedling,0,3,3,NA,282645,25841,1
sep,D2,6,water,Mv,3,1,seedling,0,2,2,NA,469955,28825,1
sep,D2,7,fungicide,Mv,1,1,seedling,0,4,1,NA,188514,3005,1
sep,D2,7,fungicide,Mv,2,1,seedling,0,4,1,NA,280559,5085,1
sep,D2,7,fungicide,Mv,3,1,seedling,0,6,1,NA,339053,4771,1
sep,D2,7,water,Mv,1,1,seedling,0,6,6,NA,86009,39575,1
sep,D2,7,water,Mv,2,1,seedling,0,5,5,NA,215438,89637,1
sep,D2,7,water,Mv,3,1,seedling,0,3,3,NA,106655,37900,1
sep,D2,8,fungicide,Mv,1,1,seedling,0,4,4,NA,122027,12701,1
sep,D2,8,fungicide,Mv,2,1,seedling,0,5,5,NA,409979,7756,1
sep,D2,8,fungicide,Mv,3,1,seedling,0,2,2,NA,406478,25241,1
sep,D2,8,water,Mv,1,1,seedling,0,2,2,NA,509361,275217,1
sep,D2,8,water,Mv,2,1,seedling,0,2,2,NA,502872,198122,1
sep,D2,8,water,Mv,3,1,seedling,0,4,4,NA,491663,159515,1
sep,D2,9,fungicide,Mv,1,1,seedling,0,4,3,NA,207463,2044,1
sep,D2,9,fungicide,Mv,2,1,seedling,0,4,2,NA,150467,22215,1
sep,D2,9,fungicide,Mv,3,1,seedling,0,6,1,NA,70276,312,1
sep,D2,9,water,Mv,1,1,seedling,0,4,4,NA,105347,1122,1
sep,D2,9,water,Mv,2,1,seedling,0,5,5,NA,410634,39927,1
sep,D2,9,water,Mv,3,1,seedling,0,4,4,NA,261659,13266,1
sep,D3,10,fungicide,Mv,1,1,seedling,0,5,2,NA,110865,2019,1
sep,D3,10,fungicide,Mv,2,1,seedling,0,4,3,NA,96453,7493,1
sep,D3,10,fungicide,Mv,3,1,seedling,0,4,2,NA,202437,24670,1
sep,D3,10,water,Mv,1,1,seedling,0,3,3,NA,163508,15310,1
sep,D3,1,fungicide,Mv,1,1,seedling,0,2,2,NA,81464,4257,1
sep,D3,1,fungicide,Mv,2,1,seedling,0,3,2,NA,214537,13906,1
sep,D3,1,fungicide,Mv,3,1,seedling,0,6,3,NA,70523,4319,1
sep,D3,1,water,Mv,1,1,seedling,0,3,3,NA,255236,92138,1
sep,D3,1,water,Mv,2,1,seedling,0,5,5,NA,116845,20935,1
sep,D3,1,water,Mv,3,1,seedling,0,3,3,NA,186765,69788,1
sep,D3,2,fungicide,Mv,1,1,seedling,0,5,3,NA,167287,18362,1
sep,D3,2,fungicide,Mv,2,1,seedling,0,4,4,NA,338425,231667,1
sep,D3,2,water,Mv,2,1,seedling,0,4,4,NA,94534,33181,1
sep,D3,2,water,Mv,3,1,seedling,0,3,3,NA,98857,24645,1
sep,D3,3,fungicide,Mv,1,1,seedling,0,4,4,NA,259879,11934,1
sep,D3,3,fungicide,Mv,3,1,seedling,0,6,4,NA,172542,9603,1
sep,D3,3,water,Mv,1,1,seedling,0,2,2,NA,156446,108671,1
sep,D3,3,water,Mv,3,1,seedling,0,3,3,NA,115084,27683,1
sep,D3,4,fungicide,Mv,1,1,seedling,0,4,4,NA,147321,6655,1
sep,D3,4,fungicide,Mv,2,1,seedling,0,6,4,NA,67229,1766,1
sep,D3,4,water,Mv,1,1,seedling,0,5,5,NA,202139,165310,1
sep,D3,4,water,Mv,2,1,seedling,0,4,3,NA,237763,29805,1
sep,D3,4,water,Mv,3,1,seedling,0,2,2,NA,182421,35440,1
sep,D3,5,fungicide,Mv,1,1,seedling,0,7,3,NA,134426,1733,1
sep,D3,5,water,Mv,1,1,seedling,0,5,5,NA,132407,50396,1
sep,D3,5,water,Mv,2,1,seedling,0,5,5,NA,252988,64272,1
sep,D3,5,water,Mv,3,1,seedling,0,5,5,NA,161938,63896,1
sep,D3,6,water,Mv,1,1,seedling,0,4,4,NA,176445,34872,1
sep,D3,6,water,Mv,2,1,seedling,0,3,3,NA,146644,55485,1
sep,D3,7,fungicide,Mv,2,1,seedling,0,3,3,NA,150157,8103,1
sep,D3,7,fungicide,Mv,3,1,seedling,0,6,3,NA,251498,14278,1
sep,D3,7,water,Mv,1,1,seedling,0,4,4,NA,198397,94124,1
sep,D3,7,water,Mv,3,1,seedling,0,4,4,NA,82279,13917,1
sep,D3,8,fungicide,Mv,1,1,seedling,0,4,2,NA,244646,7283,1
sep,D3,8,fungicide,Mv,2,1,seedling,0,2,1,NA,201127,7230,1
sep,D3,8,fungicide,Mv,3,1,seedling,0,5,1,NA,63240,778,1
sep,D3,8,water,Mv,1,1,seedling,0,4,4,NA,314080,41788,1
sep,D3,8,water,Mv,2,1,seedling,0,3,3,NA,390845,26981,1
sep,D3,8,water,Mv,3,1,seedling,0,6,6,NA,287452,14506,1
sep,D3,9,fungicide,Mv,1,1,seedling,0,4,3,NA,135920,5321,1
sep,D3,9,fungicide,Mv,2,1,seedling,0,5,5,NA,246187,27049,1
sep,D3,9,fungicide,Mv,3,1,seedling,0,5,4,NA,104920,3971,1
sep,D3,9,water,Mv,3,1,seedling,0,3,3,NA,232228,145446,1
sep,D4,10,water,Mv,1,1,seedling,0,3,3,NA,97838,40736,1
sep,D4,10,water,Mv,2,1,seedling,0,4,3,NA,50558,5658,1
sep,D4,1,fungicide,Mv,1,1,seedling,0,3,2,NA,208070,3948,1
sep,D4,1,fungicide,Mv,2,1,seedling,0,3,2,NA,125513,4516,1
sep,D4,1,fungicide,Mv,3,1,seedling,0,2,1,NA,104438,3575,1
sep,D4,1,water,Mv,1,1,seedling,0,2,2,NA,47708,17808,1
sep,D4,1,water,Mv,2,1,seedling,0,3,3,NA,93330,2968,1
sep,D4,1,water,Mv,3,1,seedling,0,6,6,NA,223630,48529,1
sep,D4,2,fungicide,Mv,2,1,seedling,0,4,2,NA,182563,796,1
sep,D4,2,fungicide,Mv,3,1,seedling,0,3,3,NA,214939,329,1
sep,D4,2,water,Mv,1,1,seedling,0,4,4,NA,119098,11119,1
sep,D4,2,water,Mv,3,1,seedling,0,3,3,NA,48922,19058,1
sep,D4,3,fungicide,Mv,1,1,seedling,0,4,2,NA,66701,15404,1
sep,D4,3,fungicide,Mv,2,1,seedling,0,3,1,NA,56072,12398,1
sep,D4,3,fungicide,Mv,3,1,seedling,0,4,4,NA,129589,4060,1
sep,D4,3,water,Mv,1,1,seedling,0,5,5,NA,183608,34674,1
sep,D4,3,water,Mv,3,1,seedling,0,3,3,NA,152579,60766,1
sep,D4,4,fungicide,Mv,2,1,seedling,0,5,1,NA,203679,1812,1
sep,D4,4,fungicide,Mv,3,1,seedling,0,3,1,NA,309425,4522,1
sep,D4,4,water,Mv,1,1,seedling,0,4,4,NA,72535,32667,1
sep,D4,4,water,Mv,2,1,seedling,0,3,3,NA,147282,61674,1
sep,D4,4,water,Mv,3,1,seedling,0,4,4,NA,109423,39334,1
sep,D4,5,fungicide,Mv,1,1,seedling,0,2,1,NA,158752,1430,1
sep,D4,5,fungicide,Mv,2,1,seedling,0,4,2,NA,70086,104,1
sep,D4,5,water,Mv,1,1,seedling,0,3,3,NA,260641,23007,1
sep,D4,5,water,Mv,2,1,seedling,0,3,3,NA,200980,8019,1
sep,D4,5,water,Mv,3,1,seedling,0,5,5,NA,158850,2862,1
sep,D4,6,fungicide,Mv,1,1,seedling,0,4,1,NA,150226,801,1
sep,D4,6,fungicide,Mv,2,1,seedling,0,4,2,NA,122175,4297,1
sep,D4,6,water,Mv,1,1,seedling,0,7,7,NA,98411,18070,1
sep,D4,6,water,Mv,2,1,seedling,0,5,5,NA,113706,42106,1
sep,D4,6,water,Mv,3,1,seedling,0,4,4,NA,149316,5485,1
sep,D4,7,fungicide,Mv,1,1,seedling,0,5,4,NA,313802,2456,1
sep,D4,7,fungicide,Mv,2,1,seedling,0,5,4,NA,183747,2979,1
sep,D4,7,fungicide,Mv,3,1,seedling,0,5,5,NA,376064,8704,1
sep,D4,7,water,Mv,1,1,seedling,0,2,2,NA,70341,2772,1
sep,D4,7,water,Mv,2,1,seedling,0,2,2,NA,76271,41023,1
sep,D4,7,water,Mv,3,1,seedling,0,3,3,NA,80270,3229,1
sep,D4,8,water,Mv,1,1,seedling,0,4,3,NA,58180,57353,1
sep,D4,8,water,Mv,2,1,seedling,0,4,4,NA,161743,15386,1
sep,D4,8,water,Mv,3,1,seedling,0,3,3,NA,165010,8428,1
sep,D4,9,fungicide,Mv,1,1,seedling,0,4,2,NA,88899,228,1
sep,D4,9,fungicide,Mv,2,1,seedling,0,4,3,NA,134915,10777,1
sep,D4,9,water,Mv,1,1,seedling,0,3,3,NA,44374,721,1
sep,D4,9,water,Mv,2,1,seedling,0,4,4,NA,88677,20464,1
sep,D4,9,water,Mv,3,1,seedling,0,4,4,NA,120087,6629,1
